panel,size,draw,income,income_se,n_inst,hansen_p,hansen_df
Freedom House,4,1,-0.045746291320363675,0.13680267599279236,14,0.06282842222632883,3
Freedom House,4,2,0.07376854737534444,0.16683420045324013,14,0.09351992586255865,3
Freedom House,4,3,-0.11642480625763074,0.11442238960963647,14,0.11833213641774211,3
Freedom House,4,4,-0.24633210629542912,0.12655308733440515,14,0.038280987763583935,3
Freedom House,4,5,0.015767584139548596,0.14881816130799375,14,0.7965477283210862,3
Freedom House,4,6,-0.018420002780136002,0.13477089458809602,14,0.011579499213161001,3
Freedom House,4,7,0.024328105158994973,0.15129951605602118,14,0.02633035023568004,3
Freedom House,4,8,0.12393976673624785,0.22037247817094602,14,0.6588872449483796,3
Freedom House,4,9,0.06921619302242998,0.16309447193146923,14,0.3716796734689463,3
Freedom House,4,10,0.006171020539108341,0.18091589186467993,14,0.007636399894961563,3
Freedom House,4,11,-0.08670066982942348,0.1270656321618542,14,0.020733947615498828,3
Freedom House,4,12,-0.19279757126303299,0.11854975784748376,14,0.04545922747898563,3
Freedom House,4,13,0.014442015774331018,0.1518132713884198,14,0.04604942578960603,3
Freedom House,4,14,0.058765500028723494,0.17754743648911026,14,0.2842960628184335,3
Freedom House,4,15,0.027236579101305836,0.1616923775838285,14,0.07483043352300943,3
Freedom House,4,16,0.019933024721497716,0.16046390758593349,14,0.10161850916089445,3
Freedom House,4,17,-0.10451884647561549,0.13188000543919115,14,0.04581398218227949,3
Freedom House,4,18,-0.2249504625174561,0.14505399720729534,14,0.12722076317620679,3
Freedom House,4,19,0.47773206743339003,0.4665576409436741,14,0.8318384380064732,3
Freedom House,4,20,-0.1434091236638535,0.13836961151763347,14,0.01703089044033389,3
Freedom House,4,21,-0.21133951748167235,0.11609381658737715,14,0.010928627937778896,3
Freedom House,4,22,-0.02445492298190821,0.14748964274098314,14,0.2956475058496073,3
Freedom House,4,23,-9.70998577796145e-4,0.1373289652977202,14,0.04834705247400573,3
Freedom House,4,24,-0.1256775313494929,0.11144152399549587,14,0.02399109580368052,3
Freedom House,4,25,-0.015551998216507101,0.13362502987067393,14,0.03254474134991384,3
Freedom House,4,26,0.03414049759216553,0.15201940807510633,14,0.26424845836782074,3
Freedom House,4,27,0.10867078345669334,0.21198808231703292,14,0.061625976784870695,3
Freedom House,4,28,0.3083556687948352,0.5378431180712123,14,0.3053290790748374,3
Freedom House,4,29,0.11457919025731034,0.2126576433612563,14,0.0912566414707411,3
Freedom House,4,30,0.057612625977947474,0.17605757613178097,14,0.14012024358086506,3
Freedom House,4,31,3.6261296355544204e-4,0.1386092897218442,14,0.07709089432559539,3
Freedom House,4,32,-0.17410173282656327,0.11291007139624759,14,0.16913794097203225,3
Freedom House,4,33,-0.22722929062619635,0.14794127413777902,14,0.3593776431722408,3
Freedom House,4,34,-0.14738598604416087,0.12515683046968587,14,0.0027581931102382946,3
Freedom House,4,35,-0.10852511255444508,0.12446447540049495,14,0.03946752755788045,3
Freedom House,4,36,-0.11238839874742812,0.12681237840319998,14,0.04856460647242768,3
Freedom House,4,37,0.05901938355808767,0.35130394502366724,14,0.018506340093070367,3
Freedom House,4,38,0.039126795020575145,0.18292426284818683,14,0.03053628464359138,3
Freedom House,4,39,0.0627084002315268,0.19008215433034123,14,0.8502769241783872,3
Freedom House,4,40,-0.20160717866498246,0.12850141289696673,14,3.8784179464548086e-4,3
Freedom House,4,41,-0.13459479822860132,0.20293418950017383,14,0.018385122190804966,3
Freedom House,4,42,-6.098438212882584e-4,0.1506186201769681,14,0.08885420051715646,3
Freedom House,4,43,-0.04594637617346997,0.12678840775645311,14,0.07492987949196299,3
Freedom House,4,44,0.026836023145835775,0.15279968173900177,14,0.19372990920170935,3
Freedom House,4,45,-0.04454932998606509,0.18503713934703303,14,0.018354788597736992,3
Freedom House,4,46,-0.17961490719831907,0.11905933066657744,14,0.013763509960969747,3
Freedom House,4,47,-0.0038624738914512236,0.15338316117638856,14,0.24189221241761527,3
Freedom House,4,48,0.02394751068504508,0.14965789042751454,14,0.17779118502659014,3
Freedom House,4,49,0.04705632541410765,0.19324470346867356,14,0.04876366571919043,3
Freedom House,4,50,1.4209810986720584e-4,0.14582201056171282,14,0.031581619334190146,3
Freedom House,4,51,-0.09668458120898649,0.12274683883828319,14,0.004563734698211683,3
Freedom House,4,52,-0.3020650969534886,0.12382565197920585,14,0.0014358716196418578,3
Freedom House,4,53,0.05095150442059193,0.1687028503535938,14,0.0727081300023407,3
Freedom House,4,54,0.08595082379740315,0.21291389059555207,14,0.14403177966316286,3
Freedom House,4,55,-0.1495005302894432,0.11058741932494806,14,0.0640402046903991,3
Freedom House,4,56,-0.21499891180170838,0.11573345075710999,14,0.007547894216541536,3
Freedom House,4,57,0.04285930419233974,0.17537033088402162,14,0.07654589448203634,3
Freedom House,4,58,0.047974104244972615,0.1647096073031143,14,0.5360749409267584,3
Freedom House,4,59,-0.05699438620774533,0.13190609916648885,14,0.004450857614083487,3
Freedom House,4,60,-0.08162497643726407,0.1356860441354944,14,0.43745966491621197,3
Freedom House,4,61,-0.26206229418239246,0.12376591113702957,14,0.164048189287595,3
Freedom House,4,62,-0.06918606994273802,0.1367701169933137,14,0.17984493703326165,3
Freedom House,4,63,-0.18541133796813725,0.12530441112471988,14,0.0037157501331336403,3
Freedom House,4,64,-0.2538452065423531,0.12292973309284279,14,0.06484839309942511,3
Freedom House,4,65,0.05523085782204884,0.1502782541069037,14,0.03694369881678883,3
Freedom House,4,66,-0.03631854158658765,0.14115339997813675,14,0.2879261256242294,3
Freedom House,4,67,-0.3659599733073273,0.19956678689496388,14,0.4733093006471029,3
Freedom House,4,68,0.02549634794552258,0.15574606626197693,14,0.655302095075622,3
Freedom House,4,69,-0.12297396843564457,0.1156998425368221,14,0.22029036674230923,3
Freedom House,4,70,-0.23294678420816783,0.1249802001662259,14,0.05685144923683267,3
Freedom House,4,71,0.018632547738344662,0.14762368692958197,14,0.010321319809540114,3
Freedom House,4,72,0.09595510430072807,0.18873673137169028,14,0.12373952073346584,3
Freedom House,4,73,0.2819423894291173,0.36883891479766845,14,0.05498375386599951,3
Freedom House,4,74,-0.20759066545015958,0.1291341261693862,14,0.09644229809280187,3
Freedom House,4,75,-0.30569349958866976,0.15079289665316922,14,0.8266893296305617,3
Freedom House,4,76,-0.13004770088381612,0.12804516583195577,14,0.015477571044072252,3
Freedom House,4,77,0.019519910291485587,0.17704516255661787,14,0.015039284622005064,3
Freedom House,4,78,-0.20006222846846722,0.1407961791493953,14,0.09272622644483382,3
Freedom House,4,79,-0.040247159214859884,0.13424445993568584,14,0.2894422197723627,3
Freedom House,4,80,-0.19952311341957074,0.12000754851818612,14,0.002118837350872306,3
Freedom House,4,81,-0.07843713187473611,0.11187856139293263,14,0.022933683035196818,3
Freedom House,4,82,0.09069700917209644,0.1675472126093417,14,0.044695829625095995,3
Freedom House,4,83,0.03582461990102015,0.16860237564550531,14,0.49695832883189206,3
Freedom House,4,84,-0.06616320010898313,0.1252137931247653,14,0.1819093220079948,3
Freedom House,4,85,-0.08819802289297929,0.12150607711053364,14,0.05305821806452857,3
Freedom House,4,86,0.02572476976015814,0.13586804010311146,14,0.022115221566063346,3
Freedom House,4,87,-0.09239834515029433,0.13588071683615047,14,0.01873563927857853,3
Freedom House,4,88,-0.07020652122975068,0.1294760787298482,14,0.02814766562407004,3
Freedom House,4,89,0.005759158298971556,0.1452565276007962,14,0.9167923832632485,3
Freedom House,4,90,-0.11739707564014346,0.1200602724071532,14,0.01033213349152185,3
Freedom House,4,91,0.01048848130064961,0.1536811947987447,14,0.16276274001091656,3
Freedom House,4,92,0.33363580923018965,0.3597732842155796,14,0.7255669321638343,3
Freedom House,4,93,0.05917116835310399,0.1705030416613835,14,0.33582670766519856,3
Freedom House,4,94,-0.20897665100154494,0.12451968290265909,14,0.0014672066810059842,3
Freedom House,4,95,0.02757766289677388,0.16099748417246063,14,0.04673821800742164,3
Freedom House,4,96,0.14125598264351602,0.21110178078311673,14,0.08535460409571367,3
Freedom House,4,97,-0.027520001755542367,0.14098274543755393,14,0.003027927728422123,3
Freedom House,4,98,0.10203979565469723,0.21825173093389208,14,0.06181623212915563,3
Freedom House,4,99,-0.02295270908474123,0.13714206526733533,14,0.11097345306112989,3
Freedom House,4,100,-0.24666306474487154,0.14123875507904066,14,0.21899519992902486,3
Freedom House,4,101,-0.2706086265418497,0.1207223815912469,14,0.1281323179338697,3
Freedom House,4,102,-0.003638081427619788,0.16452032263804875,14,0.035421739226207845,3
Freedom House,4,103,-0.008528608029171103,0.13850874776334232,14,0.8633454484782547,3
Freedom House,4,104,-0.3126210112820189,0.15335524819906893,14,0.6192444864465694,3
Freedom House,4,105,0.04183469563668041,0.14259578282944818,14,0.06101592938906175,3
Freedom House,4,106,-0.03324258575403505,0.14750311573083577,14,0.5381071016471582,3
Freedom House,4,107,-0.18480771532194495,0.12091344905280335,14,0.20393446551748962,3
Freedom House,4,108,0.09193466285200458,0.19968685882762086,14,0.11378867017864036,3
Freedom House,4,109,-0.24095184315723817,0.1340875491789249,14,2.853978227700642e-4,3
Freedom House,4,110,-0.09809671140496423,0.12861482208177355,14,0.1703139146055479,3
Freedom House,4,111,0.03272888785927819,0.1487471788843961,14,0.10596178195064104,3
Freedom House,4,112,0.8792961233452132,1.2732984567259853,14,0.8475805998983048,3
Freedom House,4,113,0.024331068868657546,0.1437713070284315,14,0.7436988700572824,3
Freedom House,4,114,-0.03412941948118409,0.1290937522305053,14,0.1267942000032132,3
Freedom House,4,115,0.03066660180037495,0.1741965088676845,14,0.7592798189006622,3
Freedom House,4,116,0.02244595734909982,0.16505700781426025,14,0.23318173894616726,3
Freedom House,4,117,-0.00866582243648395,0.1516814477047255,14,0.06835833601720355,3
Freedom House,4,118,0.07952251942077648,0.18067658022783603,14,0.1500151097982104,3
Freedom House,4,119,-0.08940302370781605,0.12965684143379988,14,0.0021823579460053043,3
Freedom House,4,120,-0.003097834250737286,0.1455322103665907,14,0.12067544274196815,3
Freedom House,4,121,0.5574053212094583,0.8770791194897404,14,0.8020950025518396,3
Freedom House,4,122,-0.02364820111398469,0.14879532282147173,14,0.0020264799244233845,3
Freedom House,4,123,0.017353739762755893,0.14230315349935424,14,0.1788218220478682,3
Freedom House,4,124,0.04448711599236255,0.17423863288037314,14,0.5759370975763581,3
Freedom House,4,125,-0.1386919493534835,0.12488364557724495,14,0.3404881477097231,3
Freedom House,4,126,-0.2636695682276953,0.12613241631147634,14,0.05862385769357711,3
Freedom House,4,127,0.1018708512239197,0.20707161858713372,14,0.3755861341934003,3
Freedom House,4,128,0.015677098761354813,0.15890238237783125,14,0.25264317103922485,3
Freedom House,4,129,-0.04475043210455887,0.13533234467232483,14,0.05075513502190448,3
Freedom House,4,130,8.906649992734827e-4,0.1358048103844127,14,0.18615883520172125,3
Freedom House,4,131,-0.01621206867310665,0.14148867562884812,14,0.5256921805955586,3
Freedom House,4,132,-0.008358985864134638,0.1441114110642266,14,0.0329854604891272,3
Freedom House,4,133,-0.20689594083790652,0.12377309612720831,14,0.00793312908988172,3
Freedom House,4,134,-0.04744138344462634,0.14278867261356684,14,0.00933624261310664,3
Freedom House,4,135,-0.33216719687388085,0.22284894457618443,14,0.5543001352348477,3
Freedom House,4,136,-0.03552722943294562,0.18049763883685074,14,0.0030203570158910346,3
Freedom House,4,137,-0.21569885037251613,0.12117753969202916,14,0.014735492407631346,3
Freedom House,4,138,0.12818985192032706,0.22313961469756646,14,0.25422709470124094,3
Freedom House,4,139,0.05978859628093236,0.15407929671482778,14,0.3835083801816047,3
Freedom House,4,140,0.02008825626600963,0.1361722273277436,14,0.06687364371977181,3
Freedom House,4,141,0.05803412163312327,0.17366771246099102,14,0.00947950791854634,3
Freedom House,4,142,-0.015952643587561433,0.15411131809035972,14,0.2205481222063868,3
Freedom House,4,143,-0.03841334422435949,0.16549130865066233,14,0.17903161796192607,3
Freedom House,4,144,-0.1199277257026381,0.11808277324213061,14,0.008647886280300858,3
Freedom House,4,145,-0.07560523066626068,0.12474662501607835,14,0.08340033442345135,3
Freedom House,4,146,0.035542263774681615,0.1687347551781966,14,0.50029719337341,3
Freedom House,4,147,0.022107960016045425,0.1766419289470569,14,0.002529132055660368,3
Freedom House,4,148,0.11388139147104415,0.19372874087965938,14,0.15759646943118277,3
Freedom House,4,149,-0.18918702829494816,0.12834832971860397,14,0.003424165900100021,3
Freedom House,4,150,0.03088639029722451,0.16999406742732553,14,0.3616297980356883,3
Freedom House,4,151,-0.3364371725412685,0.13370620651577142,14,1.2717445975298953e-4,3
Freedom House,4,152,-0.09802322802075913,0.12703628969994063,14,0.008018740676936593,3
Freedom House,4,153,-0.2155245469007241,0.19522660711345707,14,0.24927494601253075,3
Freedom House,4,154,-0.20801061027695322,0.1250750920601741,14,0.005747762574587181,3
Freedom House,4,155,-0.05798816403645102,0.1268991421853749,14,0.08229246162552764,3
Freedom House,4,156,-0.005640883241366801,0.14515981754150384,14,0.13702680048513116,3
Freedom House,4,157,-0.2114541894748747,0.14455477141589182,14,0.29922370218696487,3
Freedom House,4,158,-0.2633439790933787,0.12542944811556678,14,0.004041981751477547,3
Freedom House,4,159,0.054547521407075195,0.16793414563055556,14,0.06425659458038475,3
Freedom House,4,160,-0.009677623096290944,0.1420392757585666,14,0.13389557998841217,3
Freedom House,4,161,0.02093777070003444,0.1424347562109963,14,0.05268923160286548,3
Freedom House,4,162,0.07743749211875617,0.24886674280138124,14,0.005080810617545861,3
Freedom House,4,163,-0.10300441554409367,0.12634968969313062,14,0.008656166850373273,3
Freedom House,4,164,-0.07840083881604532,0.10853811914206074,14,0.00941600966386894,3
Freedom House,4,165,-0.34020752409387356,0.13577760497682817,14,0.027681513935852102,3
Freedom House,4,166,-0.10053399983418743,0.135312280967331,14,0.021234764076079476,3
Freedom House,4,167,0.08386437329051688,0.19592719664720687,14,0.012483673257309893,3
Freedom House,4,168,-0.21666752251116606,0.11842167109330065,14,0.0241691414666628,3
Freedom House,4,169,0.04631858216974205,0.1534701346574629,14,0.051797919449962766,3
Freedom House,4,170,-0.06327766681023217,0.13632540981340296,14,0.014889676633436778,3
Freedom House,4,171,0.03640240944686646,0.182960051072802,14,0.42789104284082163,3
Freedom House,4,172,-0.05641026175746067,0.1281135727827823,14,0.11366427313969965,3
Freedom House,4,173,0.016660038889877882,0.13942624881005033,14,0.038727801661872556,3
Freedom House,4,174,-0.2156715485271672,0.12197953347657688,14,0.034832005113530184,3
Freedom House,4,175,-0.2587756225821849,0.14541836597811195,14,0.21790370367859976,3
Freedom House,4,176,-0.28930684066831613,0.148849570354112,14,0.4750287442425502,3
Freedom House,4,177,-0.16790896732343974,0.12881218341834988,14,0.0014682866135786315,3
Freedom House,4,178,-0.05106644538132166,0.15511107919630832,14,0.14195439683055427,3
Freedom House,4,179,0.061778388442873755,0.15556186801040198,14,0.06947825522189069,3
Freedom House,4,180,0.06560963907483508,0.18409160305972114,14,0.26920726942458584,3
Freedom House,4,181,-0.11843174966884451,0.10858618889287973,14,0.1731115538845897,3
Freedom House,4,182,-0.20614374476737218,0.21428830605986252,14,0.017072245985760286,3
Freedom House,4,183,-0.003777778960517786,0.13922042579378072,14,0.2575373844249815,3
Freedom House,4,184,-0.15353512487565446,0.12402930122436638,14,0.005354820271331983,3
Freedom House,4,185,-0.12476126070534832,0.13433760866153735,14,0.016223511895393193,3
Freedom House,4,186,-0.18664081733497806,0.11612052235611534,14,0.0038420355551812215,3
Freedom House,4,187,0.10401201232725121,0.2026812394810528,14,0.028794693257028575,3
Freedom House,4,188,-0.06700743767705486,0.13607122987695144,14,0.23947766725793262,3
Freedom House,4,189,9.879706625426365e-4,0.14873949821798568,14,0.02576881921469759,3
Freedom House,4,190,-0.2561801952198355,0.13572241638231577,14,0.12784145885812714,3
Freedom House,4,191,0.09572436951930907,0.16820776655847652,14,0.0926927706661449,3
Freedom House,4,192,-0.2598044142643081,0.1330587304199098,14,0.3035285620777603,3
Freedom House,4,193,-0.1063727249454276,0.11787789428179762,14,0.021566267610355322,3
Freedom House,4,194,0.04293889171680476,0.15763576528751672,14,0.11251401187804763,3
Freedom House,4,195,0.009247999552641772,0.20399884561088885,14,0.016645971367274498,3
Freedom House,4,196,-0.08657989071235228,0.12577733317953524,14,0.1622603701086346,3
Freedom House,4,197,0.0385025831492376,0.16427789736281836,14,0.1263926149526737,3
Freedom House,4,198,-0.019461678808444738,0.13257245359705724,14,0.008914473896198235,3
Freedom House,4,199,0.06811779529038553,0.17598017217901224,14,0.02834163618153978,3
Freedom House,4,200,-0.03166110594399818,0.1488124153099702,14,0.010232678888079404,3
Freedom House,12,1,-0.2226067125224076,0.12303583586549297,22,0.009789011679061344,11
Freedom House,12,2,-0.18634681078901316,0.12572862997373305,22,0.02652618688692363,11
Freedom House,12,3,-0.27063562832975174,0.12175591333353131,22,0.003596269795105424,11
Freedom House,12,4,-0.1793685652630419,0.12585860722571685,22,0.011236678340420036,11
Freedom House,12,5,-0.07464254314294028,0.13211913766202585,22,0.013162945780400993,11
Freedom House,12,6,-0.15356688844641564,0.10828212750401056,22,0.05365353728238099,11
Freedom House,12,7,-0.2360655364828439,0.12088699318047971,22,0.0027619675102172193,11
Freedom House,12,8,-0.07592121055143064,0.12693693036321976,22,0.2472420946517442,11
Freedom House,12,9,-0.17957913649906398,0.11429775503670575,22,0.041656898884770095,11
Freedom House,12,10,-0.08327262112556699,0.14013755124860813,22,0.008682358013982917,11
Freedom House,12,11,-0.24099474373066965,0.11881077670107391,22,0.015759260062774717,11
Freedom House,12,12,-0.18040846303167513,0.11843410823620677,22,0.039619183531945525,11
Freedom House,12,13,-0.14049613025945362,0.11524174717645358,22,0.017817822758665922,11
Freedom House,12,14,0.010455458568375597,0.13265235179943574,22,0.09235522528448964,11
Freedom House,12,15,-0.2599458463941473,0.11351326920178004,22,0.0028128223038071352,11
Freedom House,12,16,-0.05420950643057498,0.13335080531280194,22,0.09105027061466955,11
Freedom House,12,17,-0.014521725739062852,0.13322237548249935,22,0.013123592188777258,11
Freedom House,12,18,-0.20865106885668983,0.12104251109003104,22,0.037123581888348606,11
Freedom House,12,19,-0.11795962315739938,0.12518206204732882,22,0.006098666464033109,11
Freedom House,12,20,-0.09848287869128924,0.11637600311529676,22,0.0515584930694419,11
Freedom House,12,21,-0.19430606141899798,0.11579270111509606,22,0.001992823261534183,11
Freedom House,12,22,-0.17544043156631073,0.12038427865874231,22,0.02058302176048471,11
Freedom House,12,23,-0.23095068732755974,0.11281463796567964,22,0.004869395227386979,11
Freedom House,12,24,-0.0269780517782765,0.15448469734811082,22,0.1549502629709904,11
Freedom House,12,25,-0.1861817251057727,0.12590438393180384,22,0.0024200965185809625,11
Freedom House,12,26,-0.11574821575699712,0.13440492424448744,22,0.020591310150196992,11
Freedom House,12,27,-0.19345275270667184,0.1256995720868089,22,0.011234757457557904,11
Freedom House,12,28,-0.05427761219604488,0.1269552154349548,22,0.04405398516983757,11
Freedom House,12,29,-0.16771847119043715,0.1107719647591336,22,0.019332027569652317,11
Freedom House,12,30,-0.2442535965605006,0.12229552903709778,22,0.003982449900460335,11
Freedom House,12,31,-0.19060504377357823,0.1094944823381784,22,0.0027933827899305143,11
Freedom House,12,32,0.01730063886109523,0.1438713199672352,22,0.04002727757326066,11
Freedom House,12,33,-0.18756602263851763,0.12438690997743805,22,0.015285354848477869,11
Freedom House,12,34,-0.053431340000837935,0.12767813459206712,22,0.054002983344444186,11
Freedom House,12,35,-0.06646932117107429,0.12224118979165412,22,0.07247100226434686,11
Freedom House,12,36,0.01355014197066673,0.12384488964928154,22,0.05869859253370944,11
Freedom House,12,37,-0.25711318125941185,0.11749225622467158,22,0.009120762054114238,11
Freedom House,12,38,-0.25925604249386414,0.1164984284398508,22,0.008159246232923668,11
Freedom House,12,39,-0.18885368378633993,0.10426870570368062,22,0.04516716791341857,11
Freedom House,12,40,-0.19423248037838903,0.11749924594512656,22,0.003072924729105123,11
Freedom House,12,41,-0.22251725779357123,0.12052066745053182,22,0.08565892266911472,11
Freedom House,12,42,-0.1471544480161402,0.11666773922133533,22,0.020068270643932584,11
Freedom House,12,43,-0.13696123276958705,0.1307251597545612,22,0.007757626621245336,11
Freedom House,12,44,-0.22082310282731665,0.12538274907737418,22,0.03390569137417058,11
Freedom House,12,45,-0.12051187858694856,0.12679413468251693,22,0.0023972969972960666,11
Freedom House,12,46,0.018287403686700898,0.14241456671819064,22,0.33168563924230315,11
Freedom House,12,47,-0.032906462992744245,0.11787277732626494,22,0.02784590277415418,11
Freedom House,12,48,-0.13551030827042698,0.1209075311202318,22,0.06307989653949639,11
Freedom House,12,49,-0.24080119258040877,0.11358875246169231,22,0.008868745518392512,11
Freedom House,12,50,-0.2156636478596008,0.11797988505065506,22,0.04649055508375331,11
Freedom House,12,51,-0.1375351088908614,0.12131600630070821,22,0.04070941364223383,11
Freedom House,12,52,0.022434670260243372,0.13374714770912965,22,0.040204292742338714,11
Freedom House,12,53,-0.10748035685838442,0.10086388816965663,22,0.05668546604384624,11
Freedom House,12,54,-0.10061850643883918,0.11653796330390044,22,0.006874581145057264,11
Freedom House,12,55,-0.09554736263209929,0.11948740917504007,22,0.015554362467301068,11
Freedom House,12,56,-0.10598541652128102,0.11621613643249684,22,0.06465718249150072,11
Freedom House,12,57,-0.08874732673423136,0.10932258524767834,22,0.10778591519189754,11
Freedom House,12,58,-0.13666424717213665,0.11130870514958549,22,0.004248155530908887,11
Freedom House,12,59,-0.1956317321832728,0.11997447000859526,22,0.04225110439424095,11
Freedom House,12,60,-0.22550289847800542,0.11624738619641346,22,0.11372507388895012,11
Freedom House,12,61,-0.2465657472881415,0.11856054082549386,22,0.04674549320806527,11
Freedom House,12,62,-0.21846496096126433,0.11973857065637973,22,0.005873312793282368,11
Freedom House,12,63,-0.09674514519836652,0.12361738750179423,22,0.03524266899696611,11
Freedom House,12,64,-0.24837821996236853,0.12239987943342201,22,0.0100768679059234,11
Freedom House,12,65,-0.1762862400209011,0.11470370067806403,22,0.04896702674026444,11
Freedom House,12,66,-0.2512529749984749,0.12145493939972744,22,0.00857399613299901,11
Freedom House,12,67,-0.15696122039957228,0.13158907860918817,22,0.04454966744614118,11
Freedom House,12,68,-0.0841489338261745,0.1144518910953809,22,0.0025439044092525126,11
Freedom House,12,69,-0.20565045610830257,0.11171712657605094,22,0.018731437343842958,11
Freedom House,12,70,-0.09864177647093886,0.1182161420676468,22,0.07205068277474212,11
Freedom House,12,71,-0.19638570620518836,0.11587608941691502,22,5.166997565276204e-4,11
Freedom House,12,72,-0.016945902352976994,0.14035471311089656,22,0.032216655678663705,11
Freedom House,12,73,0.056925658983160154,0.1498428169424373,22,0.3158648882235358,11
Freedom House,12,74,-0.04398757006141274,0.1328142119108256,22,0.01679675566502644,11
Freedom House,12,75,0.001399895587228528,0.14115688988518565,22,0.18196776208990048,11
Freedom House,12,76,-0.08155459181313773,0.11393116303728991,22,0.07116861331845896,11
Freedom House,12,77,-0.10443190003666825,0.12472591405646861,22,0.08491068521642466,11
Freedom House,12,78,-0.1295619259152625,0.12460389100051984,22,0.0036739647008499016,11
Freedom House,12,79,-0.24803625592987188,0.12126696789501162,22,0.0023865036308416106,11
Freedom House,12,80,-0.10985753404339693,0.11680670838821741,22,0.010494979322830542,11
Freedom House,12,81,-0.16131590179501476,0.11688394627070597,22,0.018100651010848335,11
Freedom House,12,82,-0.027034875963036775,0.1362984291254405,22,0.4591407924377361,11
Freedom House,12,83,-0.05753962260044876,0.1295439995424752,22,0.0813655161149748,11
Freedom House,12,84,0.04366387021990281,0.14183169027815057,22,0.21318387479969902,11
Freedom House,12,85,-0.0751229716526316,0.12503283518028485,22,0.015318692781750092,11
Freedom House,12,86,-0.12941823075303827,0.1230265207763957,22,0.04899188996159365,11
Freedom House,12,87,-0.15920524413048653,0.1098699441247139,22,0.015724078965808446,11
Freedom House,12,88,-0.16098734283056615,0.10900544762416325,22,0.008848747382005986,11
Freedom House,12,89,-0.26163357489027916,0.11948990733281288,22,0.008839500226093002,11
Freedom House,12,90,-0.24588583681022103,0.11633807473314974,22,0.06608852908618201,11
Freedom House,12,91,-0.16717392845827028,0.1126729816832759,22,0.03379197498663237,11
Freedom House,12,92,-0.1947329045851296,0.11900745668175829,22,0.02244323312610608,11
Freedom House,12,93,-0.26483602153602037,0.11184492472773103,22,0.03159416714915342,11
Freedom House,12,94,-0.10810719663123791,0.11919333787106853,22,0.032527495370428455,11
Freedom House,12,95,-0.13754446040398527,0.12777135645759435,22,0.0278194408057016,11
Freedom House,12,96,0.027680186560635534,0.15223559869641876,22,0.08827275798533354,11
Freedom House,12,97,-0.04968085493073193,0.13047153644345033,22,0.05100669208724609,11
Freedom House,12,98,-0.21821670123894021,0.11994758320236347,22,0.017837342127145477,11
Freedom House,12,99,-0.05094786778422389,0.1321890403713319,22,0.09004950864470732,11
Freedom House,12,100,-0.14737700253831054,0.12258500876476036,22,0.009005909380119739,11
Freedom House,12,101,-0.15120383709723395,0.11645759319061011,22,0.05163022155508422,11
Freedom House,12,102,-0.08650007030705709,0.12440516406346841,22,0.005977210942867482,11
Freedom House,12,103,-0.10927196633557745,0.12561236775239334,22,0.04753485560933459,11
Freedom House,12,104,-0.23649812035442164,0.11715056938432751,22,8.905319811374095e-4,11
Freedom House,12,105,-0.17455273817886674,0.12473779171055659,22,0.014371707366735195,11
Freedom House,12,106,-0.17095128160440876,0.11808958229835427,22,0.027430045545607525,11
Freedom House,12,107,0.02064987776430982,0.1430798884674093,22,0.1392014523674398,11
Freedom House,12,108,-0.09708155137587493,0.128562225856562,22,0.003761750017599104,11
Freedom House,12,109,-0.03803994914732822,0.1408439223119268,22,0.03853522844179255,11
Freedom House,12,110,-0.07639444226834513,0.1261735961237741,22,0.006124098729027792,11
Freedom House,12,111,-0.22494516535345177,0.1174280290694942,22,0.011996593308896138,11
Freedom House,12,112,-0.16041314088705771,0.11913563710843161,22,0.03714434679361206,11
Freedom House,12,113,-0.10983060925339849,0.1112091231144112,22,0.040296916797113974,11
Freedom House,12,114,-0.11281693204249787,0.12012710707392724,22,0.10720328692604693,11
Freedom House,12,115,-0.22269362638585388,0.11468357294405153,22,0.008051294439895927,11
Freedom House,12,116,-0.2806858723853378,0.123806970800678,22,0.005708194577098986,11
Freedom House,12,117,-0.1260593403789958,0.12264782617031902,22,0.047042145221699146,11
Freedom House,12,118,-0.06568176657773073,0.12712768456929613,22,0.15881994825035256,11
Freedom House,12,119,0.025369118858408868,0.1446319529953329,22,0.060655343431781424,11
Freedom House,12,120,-0.094343093925362,0.12292386541972775,22,0.007924703001916167,11
Freedom House,12,121,-0.26165946931872197,0.1167079732439392,22,0.011311232581914356,11
Freedom House,12,122,-0.17796195921295332,0.11338915819580649,22,0.11876650607815058,11
Freedom House,12,123,-0.10870674174215456,0.11587770793271704,22,0.13559279439208632,11
Freedom House,12,124,-0.2855980140240999,0.13054125572927558,22,8.141513756591856e-4,11
Freedom House,12,125,-0.2609500646926728,0.12976882986653213,22,0.003866941849501258,11
Freedom House,12,126,-0.11712367554126146,0.11174066812497946,22,0.01006176290893038,11
Freedom House,12,127,-0.23052853391442962,0.1052663064397973,22,0.009281146545580243,11
Freedom House,12,128,-0.1944256112335081,0.12909424334252445,22,0.005509130059955678,11
Freedom House,12,129,-0.17748986261875022,0.11470786562880578,22,0.03299308214298464,11
Freedom House,12,130,-0.14512763848963584,0.11289930444493262,22,0.015039583270251901,11
Freedom House,12,131,-0.04306270980834359,0.12088997725091875,22,0.013325348394243028,11
Freedom House,12,132,-0.21518331253985945,0.12101518661718773,22,0.004857007518250607,11
Freedom House,12,133,-0.008927247588834675,0.12004621066529665,22,0.05205013484736979,11
Freedom House,12,134,-0.15006785427279024,0.11892915484273706,22,0.02180156903841058,11
Freedom House,12,135,-0.18438247626279836,0.13171472010357002,22,0.08728625623096874,11
Freedom House,12,136,-0.1663488817406371,0.12142371297361602,22,0.005628060183534951,11
Freedom House,12,137,-0.13292261330341315,0.11487491317712675,22,0.02256750538266663,11
Freedom House,12,138,-0.1573804434234738,0.11703881433723048,22,0.041432854391404206,11
Freedom House,12,139,-0.04426946381206953,0.11891889724641964,22,0.010187183675649714,11
Freedom House,12,140,-0.20622815211644552,0.11761375004960462,22,9.832409554956874e-4,11
Freedom House,12,141,-0.25741976888146745,0.1229987155695125,22,0.005296391672942586,11
Freedom House,12,142,-0.219929771605198,0.1118370599063277,22,0.006300449204924735,11
Freedom House,12,143,-0.08271801849408256,0.12834443371238755,22,0.010748417373705946,11
Freedom House,12,144,-0.15436160970169155,0.1149112642590057,22,0.011818634471637843,11
Freedom House,12,145,-0.2492285230714324,0.1219755412907869,22,0.008315964819663032,11
Freedom House,12,146,-0.14764182238046697,0.12355119128649775,22,0.006113953449460975,11
Freedom House,12,147,-0.07163566524552323,0.1345102792125619,22,0.10291741323437963,11
Freedom House,12,148,-0.11059945073789024,0.11933740670424152,22,0.006394465704123823,11
Freedom House,12,149,-0.2685356777721486,0.11955854667637122,22,0.01776461228765356,11
Freedom House,12,150,-0.29331491277809363,0.1263006863330093,22,0.004767500850436902,11
Freedom House,12,151,-0.23946214079322337,0.12457579820343326,22,9.857385660682813e-4,11
Freedom House,12,152,-0.17691481826420752,0.11203385913465964,22,0.04121129286559552,11
Freedom House,12,153,-0.025268105716975242,0.137937002522547,22,0.018574855327409084,11
Freedom House,12,154,-0.11608962091134511,0.12596520201479272,22,0.043590521839390425,11
Freedom House,12,155,-0.20118777661114828,0.12430642421284027,22,0.020506610604709423,11
Freedom House,12,156,-0.1551363244043209,0.1234376004372535,22,0.004223061544573934,11
Freedom House,12,157,0.004854112495805474,0.1288840454773844,22,0.18596705979842992,11
Freedom House,12,158,-0.20788871373268059,0.1285609837358059,22,0.0353454592112347,11
Freedom House,12,159,-0.09602227251495599,0.1194386104312136,22,0.01812035848296307,11
Freedom House,12,160,-0.15760711473137068,0.12775308851698633,22,0.005588920248203219,11
Freedom House,12,161,-0.11509612829203775,0.1127281561274691,22,0.007560622619055735,11
Freedom House,12,162,-0.27560535936158725,0.12488430513972604,22,0.0021904367035153974,11
Freedom House,12,163,-0.09693254431388665,0.10710548192715702,22,0.027446296153047115,11
Freedom House,12,164,-0.11056365260139778,0.11863331457133379,22,0.01750185478526486,11
Freedom House,12,165,-0.24204048030127767,0.11577899912909759,22,0.0028690331576165747,11
Freedom House,12,166,-0.1092086354014592,0.13566397027508661,22,0.03239634532854309,11
Freedom House,12,167,-0.21116509764096092,0.11210589505293957,22,0.00779711882789677,11
Freedom House,12,168,-0.1454629489953052,0.09406639716273525,22,0.06248907197381785,11
Freedom House,12,169,-0.20582277886563283,0.10827910187421126,22,0.0074061944167107775,11
Freedom House,12,170,-0.09686457348599209,0.12141050185933652,22,0.009827457822196246,11
Freedom House,12,171,-0.20116495216269126,0.1139857010322927,22,0.01945844891369984,11
Freedom House,12,172,-0.10236886339278328,0.12918595324137608,22,0.02052591131597517,11
Freedom House,12,173,-0.13043731350247345,0.11941081677900835,22,0.06334823773856108,11
Freedom House,12,174,0.024088123528596128,0.13872332398877565,22,0.01861585487834392,11
Freedom House,12,175,-0.07715632577587073,0.1171883544857785,22,0.025291351639597535,11
Freedom House,12,176,-0.235977909846544,0.12337486187927849,22,0.006692836836893361,11
Freedom House,12,177,-0.21931140632507784,0.11702436667309549,22,0.0021670187797189393,11
Freedom House,12,178,-0.10468929408462468,0.1122702104812069,22,0.002632041954298032,11
Freedom House,12,179,-0.05356542062275427,0.12460987912894037,22,0.06996880741680066,11
Freedom House,12,180,0.04769413863500915,0.13210900310822654,22,0.032748837226962035,11
Freedom House,12,181,-0.11924929528386752,0.12488612650667599,22,0.011195378391175978,11
Freedom House,12,182,-0.2623160363782624,0.12201202158061535,22,0.01677333391455306,11
Freedom House,12,183,-0.1442535896304742,0.12045954632893907,22,0.03655876316566965,11
Freedom House,12,184,-0.1536012218185343,0.11047887324064473,22,0.013542228732183975,11
Freedom House,12,185,-0.0462162241519799,0.13781838443744754,22,0.01499056529082081,11
Freedom House,12,186,-0.10773309891149552,0.12165186609058806,22,0.03765540446540738,11
Freedom House,12,187,-0.03974091484203601,0.14068914000471375,22,0.06232197830786066,11
Freedom House,12,188,-0.02905987538857069,0.14382874239788684,22,0.12661804334308788,11
Freedom House,12,189,-0.057238095922275356,0.11616640887868103,22,0.025864967706823446,11
Freedom House,12,190,-0.17449577694773932,0.10743357003554803,22,0.016615429387416728,11
Freedom House,12,191,-0.1107038031256442,0.11498447645315069,22,0.013001999765311589,11
Freedom House,12,192,0.02444572698324432,0.1478424554643817,22,0.11463216398803415,11
Freedom House,12,193,-0.06032650500488845,0.1257901317811208,22,0.002839704656566671,11
Freedom House,12,194,-0.2889144323713797,0.1254941733560266,22,0.06393254479839337,11
Freedom House,12,195,0.03460149409271729,0.13368450080225502,22,0.07827822186360588,11
Freedom House,12,196,-0.05521017224074409,0.13341350920127312,22,0.3642716588447577,11
Freedom House,12,197,-0.21284602917982287,0.12348978835225077,22,0.0051665375847849354,11
Freedom House,12,198,-0.17323865882915523,0.11736847233984436,22,0.0055684045750161865,11
Freedom House,12,199,-0.22578095756798877,0.11528378123845312,22,0.005817158337760658,11
Freedom House,12,200,-0.15058715846154413,0.12420524563287597,22,0.00806630329659172,11
Freedom House,20,1,-0.06132768948196121,0.10483727171538353,30,0.050442081143951004,19
Freedom House,20,2,-0.1640850016862383,0.11170739280097075,30,0.008064890266064313,19
Freedom House,20,3,-0.14776737617587665,0.10002744477122161,30,0.051225685445077614,19
Freedom House,20,4,-0.15400638009084666,0.10313796807219398,30,0.0038854620864495733,19
Freedom House,20,5,-0.25321152663176294,0.11544257687762931,30,0.0635416877021091,19
Freedom House,20,6,-0.20736950348002203,0.12068781296614717,30,0.0440049774898961,19
Freedom House,20,7,-0.24652661872024284,0.11082914882386799,30,0.02277245733589415,19
Freedom House,20,8,-0.2432453231828804,0.11076596655178071,30,0.009864888703393656,19
Freedom House,20,9,-0.22590595423458604,0.10964085231069436,30,0.07148723384164964,19
Freedom House,20,10,-0.25776737364499525,0.10916449589998475,30,0.027984164737434997,19
Freedom House,20,11,-0.22139180417899684,0.11239072750038445,30,0.03105203712868949,19
Freedom House,20,12,-0.27046512097745357,0.11272101832747454,30,0.026054757134855784,19
Freedom House,20,13,0.03412769985591346,0.1359729337017349,30,0.18152159714641802,19
Freedom House,20,14,-0.24396921224114587,0.11080783622217673,30,0.11093252505707939,19
Freedom House,20,15,-0.09853447213785627,0.11066356086013307,30,0.07949479902237158,19
Freedom House,20,16,-0.24583919688433742,0.11376995021344577,30,0.012186190326494751,19
Freedom House,20,17,-0.17815300438777104,0.11377568376144195,30,0.014265731735275034,19
Freedom House,20,18,-0.25981868478456027,0.11704206773081009,30,0.028568789408142878,19
Freedom House,20,19,-0.017759125170642598,0.1185183458971599,30,0.0880448879493001,19
Freedom House,20,20,-0.1434282218478229,0.11932901907442897,30,0.02518579340653235,19
Freedom House,20,21,-0.20342630784368643,0.1236114615218799,30,0.07481457871572282,19
Freedom House,20,22,-0.15453063665389388,0.10659922622034008,30,0.033672164172453826,19
Freedom House,20,23,-0.09334289448947874,0.12504840664220157,30,0.011081422394277774,19
Freedom House,20,24,-0.1407001935691543,0.12690976409476978,30,0.17393910689810985,19
Freedom House,20,25,-0.23975123056571546,0.11255482316100611,30,0.058536607409695254,19
Freedom House,20,26,-0.12268105681768926,0.11691267430050188,30,0.010439553046040146,19
Freedom House,20,27,-0.11423560282761613,0.10705155400888057,30,0.2026128038152896,19
Freedom House,20,28,-0.21932605396869365,0.11612357739608406,30,0.0978026468959577,19
Freedom House,20,29,-0.19909604188200536,0.11282485899755454,30,0.04550419871824691,19
Freedom House,20,30,-0.18291247857016035,0.11773970002713281,30,0.006987508907156643,19
Freedom House,20,31,-0.20835223557594196,0.11762432199571418,30,0.05917742612375048,19
Freedom House,20,32,-0.1773431000471235,0.11297288986849963,30,0.10044683616139376,19
Freedom House,20,33,-0.04739568604370792,0.12737566501102585,30,0.08784952270546324,19
Freedom House,20,34,-0.19397825615441278,0.10803400202360539,30,0.01919165683748842,19
Freedom House,20,35,-0.23409362951254975,0.11397331523095106,30,0.04622522312699807,19
Freedom House,20,36,-0.18134492938610025,0.11221577119907623,30,0.011835617929558851,19
Freedom House,20,37,-0.07007671626077983,0.1245919264198324,30,0.06974472528551624,19
Freedom House,20,38,-0.14759710363071044,0.11772302243775672,30,0.052182794676364615,19
Freedom House,20,39,-0.18175375461083831,0.11240377561029874,30,0.013761003681314336,19
Freedom House,20,40,-0.2866541344143605,0.12371498600765,30,0.011476024311622054,19
Freedom House,20,41,-0.18719490764154623,0.11370998271325224,30,0.005448595706133945,19
Freedom House,20,42,-0.19501987092766804,0.11128013757630284,30,0.018857856254703355,19
Freedom House,20,43,-0.20667144852536,0.11132759733694987,30,0.019058828630063487,19
Freedom House,20,44,-0.2411657239348508,0.10834408125082279,30,0.010749349614954462,19
Freedom House,20,45,-0.18411698732538362,0.10855349583353914,30,0.01675968384573324,19
Freedom House,20,46,-0.1357621013234258,0.11050872004690336,30,0.03718234090844566,19
Freedom House,20,47,-0.21472177142761595,0.1129775337997932,30,0.021458060474637053,19
Freedom House,20,48,-0.1721692885767423,0.12354358035463363,30,0.019439033130119462,19
Freedom House,20,49,-0.18447255983130706,0.10711530544172125,30,0.06647188258428265,19
Freedom House,20,50,-0.20476600670263334,0.11092671093981896,30,0.12297358564250893,19
Freedom House,20,51,-0.23246643634354314,0.12622631295765296,30,0.038595007734633376,19
Freedom House,20,52,-0.2552221852357097,0.11741237637317424,30,0.02536208003038498,19
Freedom House,20,53,-0.21822256476415358,0.10499821051950568,30,0.04811732990009034,19
Freedom House,20,54,-0.20504735936454876,0.10884851046073056,30,0.01666862433729518,19
Freedom House,20,55,-0.1959781759067698,0.10609887189640131,30,0.09073971589628071,19
Freedom House,20,56,-0.14128144039688317,0.10306771677518493,30,0.011798477028104049,19
Freedom House,20,57,-0.19985372871739715,0.10748784552912705,30,0.03689027515910182,19
Freedom House,20,58,-0.21852070461921969,0.12041068443224306,30,0.037490907389966174,19
Freedom House,20,59,-0.25106489891047046,0.11377903224460709,30,0.035210584623103926,19
Freedom House,20,60,-0.2620522546748023,0.11506893732563178,30,0.0106049382663825,19
Freedom House,20,61,-0.2632906217483315,0.12119868281587114,30,0.04379221718581006,19
Freedom House,20,62,-0.14664895679746381,0.12287310310789036,30,0.025667881379424724,19
Freedom House,20,63,-0.09812454070838239,0.11812879607660114,30,0.048239511446337355,19
Freedom House,20,64,-0.1784906658401888,0.11720547068181238,30,0.029824672767146298,19
Freedom House,20,65,-0.15092964442060453,0.11635742344749166,30,0.018762241009519516,19
Freedom House,20,66,-0.13451140050985622,0.11368185897009586,30,0.03146148501758253,19
Freedom House,20,67,-0.10761066190464597,0.1027626734991382,30,0.013229753607440895,19
Freedom House,20,68,-0.19855435108444297,0.10810154811284343,30,0.00973648375083585,19
Freedom House,20,69,-0.07845591377193539,0.1186238273168892,30,0.13243801479909487,19
Freedom House,20,70,-0.16467644442540186,0.11112672069702853,30,0.2762533240521314,19
Freedom House,20,71,-0.1297894218395652,0.11116744000185921,30,0.04828393162989733,19
Freedom House,20,72,-0.24628220123772504,0.11118461485169674,30,0.014151361155259713,19
Freedom House,20,73,-0.279867870424531,0.11864953717003722,30,0.01188496348969664,19
Freedom House,20,74,-0.13882271868939666,0.11488714806431355,30,0.032364014472148574,19
Freedom House,20,75,-0.18274287035724024,0.11062460922820802,30,0.04981371338603674,19
Freedom House,20,76,-0.2487531297750163,0.11962831971985927,30,0.02514283947663689,19
Freedom House,20,77,-0.20620445119905462,0.10952498808834928,30,0.014624701212465249,19
Freedom House,20,78,-0.23027613634045707,0.11358824083865601,30,0.025431261074690993,19
Freedom House,20,79,-0.2567694912632055,0.11654832460192763,30,0.014360086878099773,19
Freedom House,20,80,-0.19997137241382257,0.11645844245778333,30,0.029249833273459123,19
Freedom House,20,81,-0.06886375553386781,0.10535655553958924,30,0.10671340979402003,19
Freedom House,20,82,-0.1747341291212483,0.11305544658397514,30,0.08952329658279638,19
Freedom House,20,83,-0.14262842226524342,0.10350439465191487,30,0.033103352503540545,19
Freedom House,20,84,-0.2229732312034165,0.12472020462078413,30,0.05735439566948376,19
Freedom House,20,85,-0.21257494235383634,0.11099245795040287,30,0.04177930616037323,19
Freedom House,20,86,-0.1004889075398161,0.119845241952655,30,0.03924592001117532,19
Freedom House,20,87,-0.07305126002233298,0.12356300929210351,30,0.028469049890979006,19
Freedom House,20,88,-0.2151204641145661,0.11049371717862322,30,0.07082653971725668,19
Freedom House,20,89,-0.14411278188433796,0.10541788510706782,30,0.02145932622204911,19
Freedom House,20,90,-0.1992596716000583,0.11592788566432295,30,0.020253346231033562,19
Freedom House,20,91,-0.17379977958696946,0.11228516589403932,30,0.01017459509967301,19
Freedom House,20,92,-0.11615001069910313,0.1185357638740899,30,0.05501200700559777,19
Freedom House,20,93,-0.2243519995533223,0.10495338627247355,30,0.09184649016958665,19
Freedom House,20,94,-0.15835502785651157,0.11461612241077349,30,0.011286258559474535,19
Freedom House,20,95,-0.2517025786467042,0.11661370470241104,30,0.009170747454556226,19
Freedom House,20,96,-0.14710872712838308,0.12280555996621013,30,0.02164318682696093,19
Freedom House,20,97,-0.12075622040007428,0.11917483901509163,30,0.017057355171520263,19
Freedom House,20,98,-0.2639550034443885,0.11934232424463295,30,0.005463576642428486,19
Freedom House,20,99,-0.20671891381856655,0.11281466549980798,30,0.006270522788826976,19
Freedom House,20,100,-0.12801757345287657,0.10273549871834567,30,0.14015853999275155,19
Freedom House,20,101,-0.09397891183677398,0.11564620336146422,30,0.06321133944669881,19
Freedom House,20,102,-0.1399630170188928,0.10468490431690833,30,0.02032098574375563,19
Freedom House,20,103,-0.12989778663368634,0.10637976622066489,30,0.04861476358531826,19
Freedom House,20,104,-0.2418516602526064,0.11428218290407442,30,0.015832255000419668,19
Freedom House,20,105,-0.21202141772132954,0.11467927107118456,30,0.0454922973853748,19
Freedom House,20,106,-0.2101703149552816,0.11624594455635093,30,0.013179472057343607,19
Freedom House,20,107,-0.20048588058214678,0.12114025054427166,30,0.05683223883249312,19
Freedom House,20,108,-0.15314227388056434,0.1224746445095403,30,0.15536333419759737,19
Freedom House,20,109,-0.21986490701474226,0.11627117036361298,30,0.014894530065455837,19
Freedom House,20,110,-0.20471894512355737,0.11844604736672401,30,0.15056294451058577,19
Freedom House,20,111,-0.14891795494547688,0.10356233311005034,30,0.02345142284857744,19
Freedom House,20,112,-0.1325533745871681,0.10543720552075664,30,0.05269244942669918,19
Freedom House,20,113,-0.03409319639474262,0.11293487425516217,30,0.223825694972073,19
Freedom House,20,114,-0.19262873224982258,0.11255973619024903,30,0.012360874120105655,19
Freedom House,20,115,-0.21198223754451817,0.11648194061299054,30,0.023604557843128836,19
Freedom House,20,116,-0.2704441350005826,0.11652606517288666,30,0.011301560802031683,19
Freedom House,20,117,-0.23948491400712069,0.11861826502849142,30,0.014059666564439894,19
Freedom House,20,118,-0.2084670662322634,0.12129064648274525,30,0.026684191866353763,19
Freedom House,20,119,-0.12961932492729655,0.11252291052084278,30,0.007357859287537607,19
Freedom House,20,120,-0.044457489826688956,0.12804218221746688,30,0.06823885690725186,19
Freedom House,20,121,0.055109977283599676,0.13027605487919391,30,0.0910017495023964,19
Freedom House,20,122,-0.26839475075357244,0.11823564501151608,30,0.0202475098950987,19
Freedom House,20,123,-0.12999011658524084,0.10692272913000432,30,0.03700626717827491,19
Freedom House,20,124,-0.22384184759639325,0.11712969373627503,30,0.018441432293754605,19
Freedom House,20,125,-0.14676473558864078,0.10827006634358546,30,0.06129701494486223,19
Freedom House,20,126,-0.2595256909582444,0.12282638331976022,30,0.029297038301241154,19
Freedom House,20,127,-0.1532651296067935,0.09971415221216291,30,0.006101606912729196,19
Freedom House,20,128,-0.16426260565620243,0.11464316821438413,30,0.1769750677195619,19
Freedom House,20,129,-0.16905440321199983,0.10885235059656079,30,0.009161273290638315,19
Freedom House,20,130,-0.1783025963413154,0.11856706937913083,30,0.018392875607703477,19
Freedom House,20,131,-0.2074110407978429,0.10928361529615167,30,0.03819659383569083,19
Freedom House,20,132,-0.10294395313085225,0.10241443385160949,30,0.025876626200633975,19
Freedom House,20,133,-0.18261409691352704,0.10840831685501874,30,0.008250418108070543,19
Freedom House,20,134,-0.11288374571881166,0.11224194238028597,30,0.05693635109396927,19
Freedom House,20,135,-0.1513966490600911,0.1142598283680056,30,0.08539922685829446,19
Freedom House,20,136,-0.21872083999403058,0.10589647476446526,30,0.014320191494931746,19
Freedom House,20,137,-0.2226091024699337,0.11041071696485388,30,0.016407922501970918,19
Freedom House,20,138,-0.20391416959166486,0.11641819161257641,30,0.014241173169050294,19
Freedom House,20,139,-0.1984927685447082,0.11098443984712517,30,0.06296692068979486,19
Freedom House,20,140,-0.2141039279544552,0.10781465120150707,30,0.03778329144919255,19
Freedom House,20,141,-0.107148325184383,0.1072015887533422,30,0.021415566444465434,19
Freedom House,20,142,-0.17219066141848893,0.10729077811872594,30,0.008779976642658498,19
Freedom House,20,143,-0.07699480166106953,0.11643467188782633,30,0.06300805980091476,19
Freedom House,20,144,-0.24512865344269086,0.11173792246881491,30,0.06951738534395911,19
Freedom House,20,145,-0.15141547271021416,0.11601985779193423,30,0.042477154146810914,19
Freedom House,20,146,-0.19626152418740306,0.11374205357926562,30,0.07743928073493055,19
Freedom House,20,147,-0.14821662133622526,0.11306684827744035,30,0.007630997474158203,19
Freedom House,20,148,-0.2373664046693591,0.11709893652323333,30,0.009435940755032766,19
Freedom House,20,149,-0.2656652744948884,0.11517222100590178,30,0.014078872489738947,19
Freedom House,20,150,-0.2363450542994343,0.11554418267592532,30,0.012566491192507696,19
Freedom House,20,151,-0.19512526175856504,0.11740482289100826,30,0.05131862719749563,19
Freedom House,20,152,-0.26273489162451025,0.11634728157702197,30,0.01446045099093876,19
Freedom House,20,153,-0.17132765434130492,0.09980359200408048,30,0.05601139052527273,19
Freedom House,20,154,-0.0646384800232509,0.11400807888238675,30,0.041292357361767604,19
Freedom House,20,155,-0.02656360614546749,0.12287403786908675,30,0.49936015059465455,19
Freedom House,20,156,-0.1846852175795548,0.11914387317784242,30,0.01060403119563831,19
Freedom House,20,157,-0.22837538717969963,0.1186402060277642,30,0.005924580263709902,19
Freedom House,20,158,-0.22023704510833797,0.11490565538928334,30,0.024671516081132862,19
Freedom House,20,159,-0.16624533721947587,0.10743424134455845,30,0.0033807770333167675,19
Freedom House,20,160,-0.11796507627044717,0.12389406304083303,30,0.1109654266780558,19
Freedom House,20,161,-0.22526173713557673,0.112917122469413,30,0.03288710908091308,19
Freedom House,20,162,-0.19094835654978715,0.10439381713776225,30,0.05897550503204136,19
Freedom House,20,163,-0.20306903069933302,0.11181378734443155,30,0.019558619797527172,19
Freedom House,20,164,-0.16155379846886708,0.1103675079534101,30,0.06083343404447171,19
Freedom House,20,165,-0.04133744277404183,0.12654347721412135,30,0.045462733264292454,19
Freedom House,20,166,-0.19483937563806242,0.11232228105182082,30,0.01703060329468102,19
Freedom House,20,167,-0.07294543608665727,0.1125325802114795,30,0.180876220017912,19
Freedom House,20,168,-0.18561106517925152,0.11517925450727025,30,0.11452392157252321,19
Freedom House,20,169,-0.11521225747529273,0.10369391377557362,30,0.005919239836866941,19
Freedom House,20,170,-0.05299866369178208,0.1201303078561762,30,0.3030487017566977,19
Freedom House,20,171,-0.18280266125629607,0.10380301303802453,30,0.018117072167066078,19
Freedom House,20,172,-0.22437716354411252,0.10984509556150829,30,0.06892960587868001,19
Freedom House,20,173,-0.22560121189946525,0.10726030779104459,30,0.047907096769764415,19
Freedom House,20,174,-0.2146705842473926,0.11417714534401108,30,0.01727826428379166,19
Freedom House,20,175,-0.23604807599852018,0.11160074657271186,30,0.023776165520906882,19
Freedom House,20,176,-0.20722092534418524,0.11678500645875535,30,0.025047654064976315,19
Freedom House,20,177,-0.17732825402434305,0.11239974833869609,30,0.023175372448995372,19
Freedom House,20,178,-0.09659003282712453,0.10305093478285596,30,0.00990084672124574,19
Freedom House,20,179,-0.21036994178218338,0.10483578298222537,30,0.016731487234770418,19
Freedom House,20,180,-0.21313270404034812,0.10678836274537593,30,0.05388186984794502,19
Freedom House,20,181,-0.19579145431341294,0.10884740661735332,30,0.020914871150147774,19
Freedom House,20,182,-0.17027386176335835,0.10671946895047249,30,0.008873587200513715,19
Freedom House,20,183,-0.12446866095627485,0.11848959171024606,30,0.009806298328243245,19
Freedom House,20,184,-0.16467124429894398,0.10880470831038658,30,0.013749037104863953,19
Freedom House,20,185,-0.29337525669672226,0.11438658658036638,30,0.039610956015877136,19
Freedom House,20,186,-0.19139447296418544,0.12628364480821883,30,0.03565489516047019,19
Freedom House,20,187,-0.23322257779131172,0.10310074531408808,30,0.12812798246905543,19
Freedom House,20,188,-0.1460358788044478,0.10937410987345342,30,0.003275683340386131,19
Freedom House,20,189,-0.20768672701990099,0.11421139322941476,30,0.009521109560937813,19
Freedom House,20,190,-0.22671260960634454,0.11586381543907898,30,0.029310243876871204,19
Freedom House,20,191,-0.2656635272480057,0.11552738423078106,30,0.040562688005323956,19
Freedom House,20,192,-0.1295571083948075,0.11206613652273344,30,0.022128814256714043,19
Freedom House,20,193,-0.036408507527653455,0.11517334958646686,30,0.020745305680593528,19
Freedom House,20,194,-0.24941039794721176,0.1188194059123844,30,0.05258889913537984,19
Freedom House,20,195,-0.23637023762083142,0.11221931461108584,30,0.03411482863951998,19
Freedom House,20,196,-0.21574086613392485,0.11047278722135745,30,0.07416810285385621,19
Freedom House,20,197,-0.19783500321895264,0.112994786487127,30,0.018232083504044216,19
Freedom House,20,198,-0.09062462765774582,0.10925142379598612,30,0.052553619520640873,19
Freedom House,20,199,-0.2308186979567477,0.10499651539783647,30,0.02276787966151617,19
Freedom House,20,200,-0.11184847920561225,0.11380571368839067,30,0.04497109511189201,19
Freedom House,28,1,-0.2176183503855933,0.1093376499953983,38,0.08878772988354919,27
Freedom House,28,2,-0.23417766862458,0.10356887506481609,38,0.0644558257140602,27
Freedom House,28,3,-0.15644573782107152,0.10014613001488902,38,0.052760363223821966,27
Freedom House,28,4,-0.20167148556357528,0.10397956827108297,38,0.04255569518288452,27
Freedom House,28,5,-0.19889016097260015,0.10208923821492935,38,0.06504005723583386,27
Freedom House,28,6,-0.2603319876472461,0.11589236378773672,38,0.11611266433043133,27
Freedom House,28,7,-0.19815581640691393,0.10616537263170939,38,0.056218839278848874,27
Freedom House,28,8,-0.17636516040081185,0.09980419577951254,38,0.08889598447094527,27
Freedom House,28,9,-0.20915619437057575,0.10246278883827546,38,0.05069492843677162,27
Freedom House,28,10,-0.02711141449596477,0.10076813572775843,38,0.05243543577058882,27
Freedom House,28,11,-0.20141442950392952,0.10182442958448047,38,0.13295493545919498,27
Freedom House,28,12,-0.20173857916764248,0.11532949036077375,38,0.03420528145631326,27
Freedom House,28,13,-0.24663697295693865,0.11548719186418142,38,0.04833658649809485,27
Freedom House,28,14,-0.15614773253556624,0.09253349499268618,38,0.0625006161548533,27
Freedom House,28,15,-0.10286470986253748,0.10826901481338198,38,0.058358555370374626,27
Freedom House,28,16,-0.1977473362506692,0.10136818612929621,38,0.07387488394852401,27
Freedom House,28,17,-0.15623436928149115,0.0917398533730741,38,0.07622783011676255,27
Freedom House,28,18,-0.20000245043882314,0.09768862040929638,38,0.08846082603995803,27
Freedom House,28,19,-0.24675251267358878,0.10808317089129901,38,0.04040544951225085,27
Freedom House,28,20,-0.17663631378241984,0.10091268038402396,38,0.05091557650725666,27
Freedom House,28,21,-0.2653242558124873,0.12037720413968925,38,0.10542990257736508,27
Freedom House,28,22,-0.22170301951039084,0.11245793050831447,38,0.11236964966745813,27
Freedom House,28,23,-0.24601778631799975,0.11858193532221115,38,0.056003719713534,27
Freedom House,28,24,-0.14619900626814974,0.10224663526709483,38,0.09811229107674116,27
Freedom House,28,25,-0.1947426440160882,0.10394466369524356,38,0.08133399176924966,27
Freedom House,28,26,-0.18926958259816917,0.09805207491114623,38,0.11075010885424605,27
Freedom House,28,27,-0.18511953395622172,0.1079963294942865,38,0.07901529450674696,27
Freedom House,28,28,-0.12503272683860844,0.09493124261862179,38,0.032571766119712256,27
Freedom House,28,29,-0.1973909943445653,0.09923704717396731,38,0.05313505693011239,27
Freedom House,28,30,-0.18151191064119043,0.1053589969383523,38,0.0364325676357446,27
Freedom House,28,31,-0.19651214523762217,0.10438184457816911,38,0.03876932271634844,27
Freedom House,28,32,-0.2308202285504497,0.10436635371461035,38,0.04779602587866707,27
Freedom House,28,33,-0.21482564065506615,0.10904001094818665,38,0.049988484130307126,27
Freedom House,28,34,-0.2120725501876617,0.1114778867503359,38,0.05360895103182044,27
Freedom House,28,35,-0.17492561075531832,0.10104314893584185,38,0.06535868284629759,27
Freedom House,28,36,-0.13456078182431064,0.09885980634896126,38,0.048573101677639736,27
Freedom House,28,37,-0.24279633477974905,0.11521670999525771,38,0.051761771489388195,27
Freedom House,28,38,-0.22740536883981655,0.11131738919061211,38,0.05780102198517764,27
Freedom House,28,39,-0.21945408480133288,0.10048987070111043,38,0.06371016075001576,27
Freedom House,28,40,-0.16640208624358177,0.10196162893556115,38,0.06182744129723103,27
Freedom House,28,41,-0.16487492822918037,0.1005762775908249,38,0.034483865000486204,27
Freedom House,28,42,-0.2559321742201761,0.10601978676527911,38,0.05655204115785071,27
Freedom House,28,43,-0.11844996070882408,0.10231526560525099,38,0.059770936422983284,27
Freedom House,28,44,-0.1712262484914433,0.10686230960068555,38,0.055384524205447254,27
Freedom House,28,45,-0.12195659655528868,0.10387103854501077,38,0.08190302399384383,27
Freedom House,28,46,-0.1804095669947623,0.09398894488214639,38,0.024484176069663674,27
Freedom House,28,47,-0.14428068303919872,0.11308728297082771,38,0.07141130275319803,27
Freedom House,28,48,-0.1186611956053123,0.10147802893878413,38,0.147102623916372,27
Freedom House,28,49,-0.17654270916603698,0.09713668866959059,38,0.08095930878112394,27
Freedom House,28,50,-0.3211033106073451,0.11685983911841372,38,0.06744416867847072,27
Freedom House,28,51,-0.09775781107208026,0.10689554918382355,38,0.0756360317038678,27
Freedom House,28,52,-0.18416283847590398,0.09898401309157549,38,0.07556037348275677,27
Freedom House,28,53,-0.19661552445730734,0.10597377518364712,38,0.03928955366764044,27
Freedom House,28,54,-0.24063818459367248,0.11367220247594051,38,0.027889586308862995,27
Freedom House,28,55,-0.18506076904654734,0.09430781841503863,38,0.07243237827243483,27
Freedom House,28,56,-0.1393770265916756,0.10653811120480623,38,0.047233388049377024,27
Freedom House,28,57,-0.21907886673353172,0.11029625713398566,38,0.15373087534486707,27
Freedom House,28,58,-0.19137030923648046,0.10423140508507509,38,0.018306307446408102,27
Freedom House,28,59,-0.22065030183003165,0.10325909388146043,38,0.058726727636144886,27
Freedom House,28,60,-0.16368227404126934,0.09557555110958839,38,0.025509393600941954,27
Freedom House,28,61,-0.24693634713498724,0.11456822922907094,38,0.06317303244353328,27
Freedom House,28,62,-0.17197496479587615,0.10301164418837291,38,0.03257994020658268,27
Freedom House,28,63,-0.17865723444296666,0.10806100198326019,38,0.10105056286334221,27
Freedom House,28,64,-0.20961760194220824,0.10550812708666533,38,0.03835147155808624,27
Freedom House,28,65,-0.2319380596411369,0.10265167682503094,38,0.07685363068042358,27
Freedom House,28,66,-0.18697183718104338,0.09849278241472673,38,0.2512005835545808,27
Freedom House,28,67,-0.195461588871507,0.10386896618684949,38,0.0711541662519038,27
Freedom House,28,68,-0.25117620149596664,0.11178892575553215,38,0.056344156126302156,27
Freedom House,28,69,-0.2516042830584806,0.10863110591179533,38,0.13741447568197515,27
Freedom House,28,70,-0.13121138543289357,0.11155960577110074,38,0.03461473317912867,27
Freedom House,28,71,-0.18280776933823129,0.09681247849205163,38,0.05734023925131638,27
Freedom House,28,72,-0.16239906074653998,0.09978754813820401,38,0.16974008229971757,27
Freedom House,28,73,-0.17321615994394168,0.09316425976719779,38,0.050581646143469466,27
Freedom House,28,74,-0.13771509839061347,0.10586692124606664,38,0.036909698136831634,27
Freedom House,28,75,-0.18261178347055163,0.09706155677183072,38,0.07943238981665747,27
Freedom House,28,76,-0.20614782601956128,0.11024003177422174,38,0.11919500577290863,27
Freedom House,28,77,-0.18399541254182994,0.10328041176202794,38,0.05349061184115352,27
Freedom House,28,78,-0.13460783592049008,0.10616305611080322,38,0.13980615778421793,27
Freedom House,28,79,-0.20127401159088754,0.10428375857322003,38,0.060769639855458565,27
Freedom House,28,80,-0.21757993076887727,0.09529805939574232,38,0.11400532647342929,27
Freedom House,28,81,-0.20312897577883504,0.1027820286267896,38,0.05926717581225182,27
Freedom House,28,82,-0.056166588903050485,0.10059891108903869,38,0.04033056531724198,27
Freedom House,28,83,-0.22229418465258632,0.11322056857493525,38,0.03962992826613098,27
Freedom House,28,84,-0.21319345991854233,0.1071174353099809,38,0.041565284805360266,27
Freedom House,28,85,-0.13054887935425574,0.11259945003950501,38,0.03532278147277302,27
Freedom House,28,86,-0.15043722104954194,0.09614961360485043,38,0.039655240009117965,27
Freedom House,28,87,-0.17444021568178147,0.11040162501260288,38,0.03909176883407541,27
Freedom House,28,88,-0.14855037763462065,0.11097949225594138,38,0.0850483466994577,27
Freedom House,28,89,-0.12231666596024038,0.09742099820717401,38,0.06974306986365421,27
Freedom House,28,90,-0.1810907134761921,0.11189158061246914,38,0.03009788924219913,27
Freedom House,28,91,-0.19703696376392,0.09937036901345461,38,0.03489545108071693,27
Freedom House,28,92,-0.18436253100276634,0.10590880994706493,38,0.06713403275154427,27
Freedom House,28,93,-0.26146409779496027,0.114089740876923,38,0.07388583124638506,27
Freedom House,28,94,-0.17050866276558008,0.10398782553519031,38,0.022463816844297803,27
Freedom House,28,95,-0.20129810918400937,0.10156060588579548,38,0.16701787808916294,27
Freedom House,28,96,-0.11034724755762948,0.10197388536855047,38,0.04054985468130761,27
Freedom House,28,97,-0.21211969265198194,0.10564963694198408,38,0.026466695807559254,27
Freedom House,28,98,-0.15065036775812057,0.0877676047649342,38,0.08640157266190376,27
Freedom House,28,99,-0.20808861006555635,0.10120151146414044,38,0.06695511249070638,27
Freedom House,28,100,-0.22518439252387168,0.10225727092950335,38,0.14507718145272155,27
Freedom House,28,101,-0.1869341729397429,0.10474763729008138,38,0.04348648505397076,27
Freedom House,28,102,-0.1326999891187115,0.10766923331955337,38,0.04181893566316396,27
Freedom House,28,103,-0.1795261319304271,0.09831517778676137,38,0.22117653535096207,27
Freedom House,28,104,-0.22425070897190658,0.11512031832754663,38,0.07709414483771009,27
Freedom House,28,105,-0.1771038093149815,0.10698817359257543,38,0.030777080850283498,27
Freedom House,28,106,-0.1371168851495601,0.08967602047447773,38,0.055077310364592,27
Freedom House,28,107,-0.2592805698259304,0.10740380417041083,38,0.05476681161001959,27
Freedom House,28,108,-0.19740099960506008,0.10292224521162405,38,0.05642392704939839,27
Freedom House,28,109,-0.18629281290152422,0.11084669341572014,38,0.034641909664865404,27
Freedom House,28,110,-0.16093440189231778,0.0964931389203456,38,0.05577968921905344,27
Freedom House,28,111,-0.27976382910169173,0.11277626130303721,38,0.06998133362689737,27
Freedom House,28,112,-0.2766120786543076,0.11223081538856523,38,0.054363971566612435,27
Freedom House,28,113,-0.1588477221864384,0.10266006761497883,38,0.20462310723082144,27
Freedom House,28,114,-0.15980289480964638,0.10472945930876273,38,0.02512317614017393,27
Freedom House,28,115,-0.23536959855824158,0.11717323514792795,38,0.1570936222821097,27
Freedom House,28,116,-0.20149471316901302,0.1059530072447061,38,0.042038771912506136,27
Freedom House,28,117,-0.1564283801084514,0.091444265645527,38,0.0470757516301887,27
Freedom House,28,118,-0.18840537736881346,0.10553326495622908,38,0.13015471349551366,27
Freedom House,28,119,-0.18352083383333762,0.10271596088368332,38,0.054926055695955885,27
Freedom House,28,120,-0.1365022375238465,0.09662875370345388,38,0.04429111869393244,27
Freedom House,28,121,-0.17675782612531288,0.10922921470758191,38,0.021509010754003202,27
Freedom House,28,122,-0.23903078734695127,0.10492240007721015,38,0.12328794788627313,27
Freedom House,28,123,-0.08466415476503775,0.1004637719473699,38,0.056681678647825896,27
Freedom House,28,124,-0.23939396132462898,0.10520247586966108,38,0.033483131238743406,27
Freedom House,28,125,-0.16520070561188094,0.11235217260710798,38,0.04075120365841428,27
Freedom House,28,126,-0.1764600946479975,0.10343345619705206,38,0.025631805407846403,27
Freedom House,28,127,-0.21258171932486913,0.10774136097858175,38,0.05189792587620378,27
Freedom House,28,128,-0.1943362482199138,0.09917604256816842,38,0.07289000798973103,27
Freedom House,28,129,-0.21158924700575144,0.11637823085776552,38,0.06551418641991534,27
Freedom House,28,130,-0.13070450653554833,0.1044594893006025,38,0.04492447410596039,27
Freedom House,28,131,-0.17211812326963782,0.09869703281391684,38,0.04780922443553164,27
Freedom House,28,132,-0.2533801041016388,0.11622248776154685,38,0.1311146973250537,27
Freedom House,28,133,-0.19326004418056453,0.10162579341259068,38,0.03016798673017478,27
Freedom House,28,134,-0.19776672787060257,0.10720484632253843,38,0.07363090037185653,27
Freedom House,28,135,-0.2133897796310924,0.11487772045205033,38,0.07887896837475325,27
Freedom House,28,136,-0.22773679183304285,0.10936186542075949,38,0.058116663902980314,27
Freedom House,28,137,-0.2918718612288034,0.115703883114448,38,0.06528980562922589,27
Freedom House,28,138,-0.17893311533840262,0.11884018931855267,38,0.16777770069764758,27
Freedom House,28,139,-0.2636265428044746,0.11041494821819375,38,0.07985056224739771,27
Freedom House,28,140,-0.24788159213104954,0.10776987078794958,38,0.050291909643002244,27
Freedom House,28,141,-0.21090925739153477,0.10029257170021362,38,0.031867355242501304,27
Freedom House,28,142,-0.24758003578749044,0.10536321857790573,38,0.06311190321004508,27
Freedom House,28,143,-0.19849663928584338,0.1065115902419076,38,0.09040599386790417,27
Freedom House,28,144,-0.1410529475995772,0.11097700810112375,38,0.07431540031016731,27
Freedom House,28,145,-0.16961196321120742,0.1055582227850774,38,0.07957941004988467,27
Freedom House,28,146,-0.1878294087887431,0.10230166737383567,38,0.06621844577754121,27
Freedom House,28,147,-0.13750359418993074,0.10455435700347103,38,0.07238624381892801,27
Freedom House,28,148,-0.21272542483435242,0.11975257672728075,38,0.11324256879314802,27
Freedom House,28,149,-0.1449881248999354,0.10729416472996449,38,0.08429646812557062,27
Freedom House,28,150,-0.1322882477262266,0.10697535785998429,38,0.079231920343721,27
Freedom House,28,151,-0.18806205100166817,0.10315623733648788,38,0.020837848498864726,27
Freedom House,28,152,-0.2884930253182625,0.12297940767022106,38,0.038187904277818464,27
Freedom House,28,153,-0.20843583014000666,0.10785931809160365,38,0.025182111503457165,27
Freedom House,28,154,-0.181461653808348,0.11119996037574614,38,0.058434439092035544,27
Freedom House,28,155,-0.16577965604262435,0.09199511468336699,38,0.04871359660427514,27
Freedom House,28,156,-0.22798133238650742,0.11849366267688594,38,0.05922261890924849,27
Freedom House,28,157,-0.2321439425851728,0.1079918552613247,38,0.06290453144780374,27
Freedom House,28,158,-0.21027463857633721,0.1054343037582861,38,0.09020195639808783,27
Freedom House,28,159,-0.2447721167298642,0.10570381963702022,38,0.030546178818856132,27
Freedom House,28,160,-0.16868561472116061,0.09481440276950967,38,0.07687466605145217,27
Freedom House,28,161,-0.21671972335681744,0.10649044959622633,38,0.05750158367272152,27
Freedom House,28,162,-0.2014289692265363,0.10331084352983987,38,0.04565233030387184,27
Freedom House,28,163,-0.21378354188933724,0.1083450014483372,38,0.049681746894426435,27
Freedom House,28,164,-0.249558647918537,0.10285915785404952,38,0.09074504728974189,27
Freedom House,28,165,-0.22099311607871597,0.10771350646035248,38,0.030507468070277828,27
Freedom House,28,166,-0.2439162877425951,0.10438042157000774,38,0.05058771590753,27
Freedom House,28,167,-0.20941854384284797,0.106260063740892,38,0.11241742980001848,27
Freedom House,28,168,-0.28036934216941534,0.11451038095437602,38,0.0614358292734177,27
Freedom House,28,169,-0.134955817410793,0.09179079135206483,38,0.0906259851458779,27
Freedom House,28,170,-0.21296991412339672,0.1027418942235992,38,0.05103636607438013,27
Freedom House,28,171,-0.19829837100481784,0.0984710890679592,38,0.12967552391993056,27
Freedom House,28,172,-0.14827056434563834,0.10405166779566132,38,0.07220603622145264,27
Freedom House,28,173,-0.16652936561252174,0.10199494834464437,38,0.034891231996143204,27
Freedom House,28,174,-0.25876358292972723,0.11212738838524575,38,0.06697893759925051,27
Freedom House,28,175,-0.17228413638872286,0.10714981743841182,38,0.06992103547303613,27
Freedom House,28,176,-0.22496244112907426,0.10273920007442874,38,0.06053434876115424,27
Freedom House,28,177,-0.1975846907896397,0.11075969005691688,38,0.02522396290370828,27
Freedom House,28,178,-0.2617502934271636,0.11574219939520673,38,0.08781111115467552,27
Freedom House,28,179,-0.1981213675151836,0.11516795378213339,38,0.09150980799998283,27
Freedom House,28,180,-0.14843425714315828,0.09519612189283264,38,0.12289106391292703,27
Freedom House,28,181,-0.11646180971219477,0.10270629194091752,38,0.2053797614349182,27
Freedom House,28,182,-0.1149000662891071,0.1017320249182835,38,0.10232696474444335,27
Freedom House,28,183,-0.20426412328127075,0.09997637762069642,38,0.031082662274536717,27
Freedom House,28,184,-0.13333312388348428,0.09890526820850519,38,0.06383820348234641,27
Freedom House,28,185,-0.17372638533094786,0.10161279447055563,38,0.026142376263530158,27
Freedom House,28,186,-0.18651975108881125,0.10037852112767849,38,0.06610126304736241,27
Freedom House,28,187,-0.1866568260170025,0.10258785530855433,38,0.08946056572440629,27
Freedom House,28,188,-0.23092825435942865,0.11024301759830109,38,0.07693208109277741,27
Freedom House,28,189,-0.15860550244611948,0.10774728692219643,38,0.027991268266634627,27
Freedom House,28,190,-0.22689248035917853,0.10381222409566604,38,0.030140026372850064,27
Freedom House,28,191,-0.19627832665353662,0.11359254597461228,38,0.0733738423231997,27
Freedom House,28,192,-0.19038391585649173,0.10281237343686428,38,0.0897454496276302,27
Freedom House,28,193,-0.22784289758817344,0.10740672124261488,38,0.07229501408475253,27
Freedom House,28,194,-0.20419987383235627,0.10421753141516073,38,0.02085568651842685,27
Freedom House,28,195,-0.17853216171905117,0.09562008139103402,38,0.03949980585870082,27
Freedom House,28,196,-0.05113930079209439,0.11484005800012632,38,0.09718887678824419,27
Freedom House,28,197,-0.20776485214398033,0.10017448247508118,38,0.12682422213407069,27
Freedom House,28,198,-0.22110913095960738,0.10936224059110344,38,0.05173114902775752,27
Freedom House,28,199,-0.21300497328124868,0.10607056967499046,38,0.05132848517514312,27
Freedom House,28,200,-0.13234471894765365,0.10295885699767819,38,0.12361257895393418,27
Freedom House,36,1,-0.17097583403377703,0.09140291126319694,46,0.13668727967065647,35
Freedom House,36,2,-0.135501282683415,0.08083033682190233,46,0.11009213268091435,35
Freedom House,36,3,-0.2357798499739836,0.10488349983543863,46,0.12475365485895624,35
Freedom House,36,4,-0.11345463559612234,0.09302833870239403,46,0.12271665057442768,35
Freedom House,36,5,-0.21281358200093958,0.09283704285938242,46,0.1979408983337828,35
Freedom House,36,6,-0.19980201143465282,0.10269575548598962,46,0.08988741271988453,35
Freedom House,36,7,-0.21077816913909153,0.09807541766760873,46,0.17698268823603933,35
Freedom House,36,8,-0.2238169145844653,0.09990789088137318,46,0.09764101550983707,35
Freedom House,36,9,-0.15305906057259966,0.09666412879515236,46,0.0867979106724328,35
Freedom House,36,10,-0.19365178845743047,0.09958979233775497,46,0.09606423741696692,35
Freedom House,36,11,-0.21484623926325286,0.1047392152733279,46,0.17080611508373378,35
Freedom House,36,12,-0.24768048023022438,0.1086861859369012,46,0.12044032358940764,35
Freedom House,36,13,-0.13142516212472755,0.09505940026073349,46,0.18164750308655475,35
Freedom House,36,14,-0.19085355498774126,0.09234283706368125,46,0.11051799248268417,35
Freedom House,36,15,-0.19095551128671318,0.10031261200635531,46,0.1091767797531697,35
Freedom House,36,16,-0.16712406867311191,0.09886842684624689,46,0.11745499647310388,35
Freedom House,36,17,-0.21732038792303499,0.10416866953426347,46,0.08676099955832821,35
Freedom House,36,18,-0.19024771181482691,0.09607443052353386,46,0.11837955642707675,35
Freedom House,36,19,-0.1683793270098315,0.0855934797413674,46,0.11190929903379657,35
Freedom House,36,20,-0.19426321142642466,0.09335058507535213,46,0.10995490254020569,35
Freedom House,36,21,-0.19493268842436384,0.10199876211468788,46,0.0917538896111832,35
Freedom House,36,22,-0.20966574608976263,0.10146952927722865,46,0.19496745157618448,35
Freedom House,36,23,-0.1330481627162583,0.09499634162317498,46,0.08947907684206118,35
Freedom House,36,24,-0.19267529480033208,0.09479118984308486,46,0.13739810830213503,35
Freedom House,36,25,-0.16646963334295695,0.09131525323084204,46,0.1462130407247851,35
Freedom House,36,26,-0.16061419991611459,0.08624558197367745,46,0.09737127084325542,35
Freedom House,36,27,-0.1912155751475293,0.10304377218337075,46,0.10973312566925814,35
Freedom House,36,28,-0.1786819235097843,0.0932882680057463,46,0.14025304225327276,35
Freedom House,36,29,-0.13053691598688522,0.08985087745184876,46,0.2089387153946,35
Freedom House,36,30,-0.21440916549436118,0.10314689079954731,46,0.11678727113701565,35
Freedom House,36,31,-0.1528704113850643,0.09697662369410698,46,0.18073107168660438,35
Freedom House,36,32,-0.2111070401486166,0.09804145887799481,46,0.17428629798304554,35
Freedom House,36,33,-0.1576506218675502,0.08387746563560355,46,0.09034257608155849,35
Freedom House,36,34,-0.16745663358106055,0.09459840660622572,46,0.14364886582979666,35
Freedom House,36,35,-0.2048418506323939,0.10647865350915302,46,0.09229012687674049,35
Freedom House,36,36,-0.19575612125928776,0.10480133208293034,46,0.09962175822212309,35
Freedom House,36,37,-0.18761904927182504,0.1017180073223832,46,0.15973684807284655,35
Freedom House,36,38,-0.16259158946139474,0.07997681696036592,46,0.20736518757064482,35
Freedom House,36,39,-0.1743180739935437,0.08601688878816074,46,0.1385926838546947,35
Freedom House,36,40,-0.18091694359334465,0.0888709932544821,46,0.11814098303254275,35
Freedom House,36,41,-0.14649747670562618,0.07785204196263812,46,0.17730041604860336,35
Freedom House,36,42,-0.171185971646715,0.09441385203333089,46,0.12128516654026554,35
Freedom House,36,43,-0.14595619556880246,0.09071924125605123,46,0.10228821855777531,35
Freedom House,36,44,-0.14977409441196654,0.0959511179127672,46,0.11375937247262981,35
Freedom House,36,45,-0.2257437639519333,0.10006429064309386,46,0.11610813304801142,35
Freedom House,36,46,-0.20191359976518797,0.10142735703330057,46,0.1716935860019169,35
Freedom House,36,47,-0.2072890695915599,0.10324749813345681,46,0.09599857454986453,35
Freedom House,36,48,-0.237125478890869,0.10068212808775999,46,0.16526068947256814,35
Freedom House,36,49,-0.22671360028692433,0.1100316674010978,46,0.1691891726389625,35
Freedom House,36,50,-0.18548725167053037,0.11587787754716955,46,0.0705715260832645,35
Freedom House,36,51,-0.1305638837621106,0.09248489398120509,46,0.13312288474107487,35
Freedom House,36,52,-0.1756828227240117,0.09170788585825397,46,0.16187702855231298,35
Freedom House,36,53,-0.14008700026186105,0.08842216026173065,46,0.12575748809091847,35
Freedom House,36,54,-0.24886157786857321,0.10783842690586651,46,0.17338495930108547,35
Freedom House,36,55,-0.1595836458974791,0.0911367289608393,46,0.1450772576708039,35
Freedom House,36,56,-0.21148443619060808,0.09640944966222137,46,0.09729600291588093,35
Freedom House,36,57,-0.19859806138568148,0.1012741025317124,46,0.12502074988919848,35
Freedom House,36,58,-0.08525886189886878,0.08338492194160183,46,0.09335037092691702,35
Freedom House,36,59,-0.11546977562848149,0.09839410236278127,46,0.10652991400349207,35
Freedom House,36,60,-0.17595546561890485,0.09316541147765857,46,0.10110107950077743,35
Freedom House,36,61,-0.22615920595834504,0.10077330800064532,46,0.14415941962363218,35
Freedom House,36,62,-0.21283353038478703,0.09559687855302015,46,0.12487432560814575,35
Freedom House,36,63,-0.1663007853705225,0.09840769295316093,46,0.10475773626013227,35
Freedom House,36,64,-0.1936601309712449,0.08905192691978862,46,0.1149304738186821,35
Freedom House,36,65,-0.15748069776591622,0.08555456925052307,46,0.13636584069015267,35
Freedom House,36,66,-0.13707602197697488,0.08699267458685596,46,0.10353886795086004,35
Freedom House,36,67,-0.22165904178830864,0.0988926870669008,46,0.16718380330534585,35
Freedom House,36,68,-0.14333678589902776,0.09125309332303948,46,0.114769132536386,35
Freedom House,36,69,-0.1710314825163748,0.08254093284190589,46,0.12386204491510684,35
Freedom House,36,70,-0.18025378603675213,0.09295550773094012,46,0.09324445803017863,35
Freedom House,36,71,-0.1920278958160333,0.09088401992405452,46,0.14480283286083692,35
Freedom House,36,72,-0.19038236242710838,0.10051630551099754,46,0.12448170191830664,35
Freedom House,36,73,-0.18699919187250824,0.09368687563685386,46,0.09028113301072337,35
Freedom House,36,74,-0.16714045312210102,0.10241650781949266,46,0.11182945624805711,35
Freedom House,36,75,-0.14768487548691756,0.09126716556195409,46,0.10654156019384926,35
Freedom House,36,76,-0.1552180210036167,0.08913683373777016,46,0.107322778654367,35
Freedom House,36,77,-0.14458234166455508,0.08954335957195672,46,0.08371085826815192,35
Freedom House,36,78,-0.18094230727535576,0.09340471704349414,46,0.14514590071064637,35
Freedom House,36,79,-0.19514661315786297,0.0925717133753682,46,0.08954122204465288,35
Freedom House,36,80,-0.16800186323670063,0.08723468250970853,46,0.10479935228697615,35
Freedom House,36,81,-0.1829718530864115,0.10418625288490876,46,0.1774151885511014,35
Freedom House,36,82,-0.21424391281538346,0.09250963366569716,46,0.15080343614480113,35
Freedom House,36,83,-0.19882898881113942,0.09679610878997491,46,0.1439879947612003,35
Freedom House,36,84,-0.19939578033251681,0.09407710397633877,46,0.08690882395131287,35
Freedom House,36,85,-0.2349134868863909,0.099790228576765,46,0.11063852486084781,35
Freedom House,36,86,-0.1331706067291103,0.09187244482758962,46,0.11714069868545064,35
Freedom House,36,87,-0.12938536412688428,0.08699423093061145,46,0.1446127255078232,35
Freedom House,36,88,-0.14724292823934082,0.09581666602111608,46,0.12558533645437256,35
Freedom House,36,89,-0.1531614767143461,0.09240617064017956,46,0.14677708700048545,35
Freedom House,36,90,-0.18755696709933245,0.09993572848507906,46,0.19217205494229803,35
Freedom House,36,91,-0.11574142138280763,0.0915759988995392,46,0.08575765106206455,35
Freedom House,36,92,-0.16683121075372265,0.08713310523195476,46,0.10473105801555624,35
Freedom House,36,93,-0.20804796386715152,0.1005967923252504,46,0.1360722805178509,35
Freedom House,36,94,-0.2055464806988554,0.10094788802836338,46,0.12625739901044752,35
Freedom House,36,95,-0.19676262001658218,0.10016140419036496,46,0.15015134268420183,35
Freedom House,36,96,-0.17801604439267615,0.09342444426824938,46,0.1255871721302713,35
Freedom House,36,97,-0.1752186101824571,0.09885277210451865,46,0.12613130723867938,35
Freedom House,36,98,-0.16146338475643907,0.09179160431667042,46,0.20902190827394757,35
Freedom House,36,99,-0.1519428116636785,0.0928584967717978,46,0.17850039463795916,35
Freedom House,36,100,-0.12198567408263594,0.0902005152293819,46,0.13392705586859793,35
Freedom House,36,101,-0.1559531705403301,0.10268097886012975,46,0.10127773522373301,35
Freedom House,36,102,-0.09999554510960573,0.09736063891491084,46,0.09400375188891884,35
Freedom House,36,103,-0.17798994130458778,0.09636545170852187,46,0.10106871121973288,35
Freedom House,36,104,-0.19699279208264997,0.10111332430948912,46,0.12478153624558587,35
Freedom House,36,105,-0.17946510904325574,0.10137831852820262,46,0.09754888232034435,35
Freedom House,36,106,-0.195401850446141,0.09801207914499857,46,0.1475018732863472,35
Freedom House,36,107,-0.18328034886950917,0.09448365331592494,46,0.12981071305135278,35
Freedom House,36,108,-0.15205412152175946,0.10147086491232003,46,0.0889313921354413,35
Freedom House,36,109,-0.17496705481862618,0.09596508261165422,46,0.0876735071904175,35
Freedom House,36,110,-0.17042976176059277,0.09508611837128272,46,0.08509492644879786,35
Freedom House,36,111,-0.17191949608379486,0.08382876241083953,46,0.1286834655475294,35
Freedom House,36,112,-0.17087582197808882,0.09709225045884805,46,0.19889149671410558,35
Freedom House,36,113,-0.20742625340634113,0.10203899257277936,46,0.10098063175948621,35
Freedom House,36,114,-0.250025208499308,0.1030015990135397,46,0.1901510696230925,35
Freedom House,36,115,-0.17422401026049483,0.09049005369930661,46,0.22449924695899587,35
Freedom House,36,116,-0.13399131728395286,0.09346354976573115,46,0.0813772923012553,35
Freedom House,36,117,-0.17144547453373926,0.10075561407505168,46,0.1062075161020592,35
Freedom House,36,118,-0.12691116833721017,0.08767031935336948,46,0.14133559414454544,35
Freedom House,36,119,-0.16547038640371148,0.08519588524375848,46,0.13124886120472093,35
Freedom House,36,120,-0.2693926640885258,0.10948160351392176,46,0.18459220289927783,35
Freedom House,36,121,-0.1957075412464402,0.09563043582336445,46,0.10552670278197508,35
Freedom House,36,122,-0.15735952280783394,0.09331872022178705,46,0.09192282775053823,35
Freedom House,36,123,-0.11688071569474001,0.08404438045281744,46,0.08803256536357229,35
Freedom House,36,124,-0.20335896277274967,0.10224175848313594,46,0.1925022072958352,35
Freedom House,36,125,-0.19034747152264098,0.09782006222188026,46,0.1058199485703703,35
Freedom House,36,126,-0.18914789139074184,0.09157131697386584,46,0.08669537576354402,35
Freedom House,36,127,-0.2104165705474501,0.09612448094715546,46,0.160790515355922,35
Freedom House,36,128,-0.12323865714262228,0.10299637858007277,46,0.08353649590989881,35
Freedom House,36,129,-0.18064779989860513,0.08573963187884652,46,0.11587841151182222,35
Freedom House,36,130,-0.21117358216887672,0.09717836654391898,46,0.18134514041721372,35
Freedom House,36,131,-0.16863184176763202,0.09560985929008159,46,0.0887608073543192,35
Freedom House,36,132,-0.18010125305738178,0.10008661928747768,46,0.09838142524189358,35
Freedom House,36,133,-0.20930586070430568,0.098423851373559,46,0.1343275272436744,35
Freedom House,36,134,-0.23017018075667472,0.10796560135232523,46,0.12766237401251143,35
Freedom House,36,135,-0.17872538527443682,0.09362525758856322,46,0.14764739287467762,35
Freedom House,36,136,-0.2329827207014592,0.10045449925808586,46,0.15675640380044015,35
Freedom House,36,137,-0.11668887991543597,0.07675124419609604,46,0.13159241526133517,35
Freedom House,36,138,-0.19364943199991735,0.09716180409487307,46,0.15134277773878899,35
Freedom House,36,139,-0.1691282833275367,0.08992794669520923,46,0.07772304123183804,35
Freedom House,36,140,-0.18931938306910068,0.09129772142351326,46,0.2056209002167613,35
Freedom House,36,141,-0.20191351125849932,0.10230410807280123,46,0.16032154256700637,35
Freedom House,36,142,-0.18232383099427274,0.0919174834982941,46,0.14392350867041456,35
Freedom House,36,143,-0.23500234600517533,0.11115747853869289,46,0.15660892034183044,35
Freedom House,36,144,-0.1539268046293496,0.10541455914790944,46,0.11390683384994348,35
Freedom House,36,145,-0.20844785104396113,0.09925634878504334,46,0.11258558060129605,35
Freedom House,36,146,-0.07925792674295984,0.08236066587446336,46,0.09434550705935026,35
Freedom House,36,147,-0.13694229634093835,0.08797910726684766,46,0.11763787428429746,35
Freedom House,36,148,-0.17855744008070573,0.08954450826439732,46,0.1393356048061055,35
Freedom House,36,149,-0.14736607752197495,0.08260029432816697,46,0.12307661363331653,35
Freedom House,36,150,-0.21636072996309963,0.10208192196584816,46,0.11217738895040974,35
Freedom House,36,151,-0.17478266390376485,0.0898419330698898,46,0.12008910459559574,35
Freedom House,36,152,-0.17055822936131015,0.10134440802064588,46,0.09015010767748653,35
Freedom House,36,153,-0.1579065607271759,0.09123313553465756,46,0.1424845210883349,35
Freedom House,36,154,-0.23585379598143863,0.10092138205305394,46,0.12592681763656813,35
Freedom House,36,155,-0.21138954168507906,0.10322475771561018,46,0.162132770919905,35
Freedom House,36,156,-0.175373496808239,0.09093092678433717,46,0.15163948488161094,35
Freedom House,36,157,-0.17950824373422813,0.10680697600118474,46,0.1055700425367548,35
Freedom House,36,158,-0.162836873846969,0.10047667841583571,46,0.14202135773772362,35
Freedom House,36,159,-0.13815146443329285,0.08950122006614832,46,0.16075137602041298,35
Freedom House,36,160,-0.193263811668277,0.0836803923400877,46,0.10019626300715538,35
Freedom House,36,161,-0.2088202928813243,0.09828340471322618,46,0.09520117285023902,35
Freedom House,36,162,-0.16971640153985934,0.09303838851396273,46,0.11996754977902624,35
Freedom House,36,163,-0.18863525534096093,0.09644555974460374,46,0.11188405867979118,35
Freedom House,36,164,-0.16050522802995149,0.08642310970104182,46,0.2144168528943043,35
Freedom House,36,165,-0.19867704414396936,0.10605237552976211,46,0.17800146110246745,35
Freedom House,36,166,-0.1917696038773138,0.09278986756333511,46,0.186082672433749,35
Freedom House,36,167,-0.19277524834022763,0.09144032674609488,46,0.1784247090682632,35
Freedom House,36,168,-0.19384627463063486,0.10246055575774733,46,0.09456355486333418,35
Freedom House,36,169,-0.10435580401954825,0.08646884623163449,46,0.11009387303263646,35
Freedom House,36,170,-0.1250900825101684,0.09047572704517123,46,0.17058082813828648,35
Freedom House,36,171,-0.11912934915587359,0.08738751987482508,46,0.2200520563351039,35
Freedom House,36,172,-0.19284242710024513,0.09214058549452872,46,0.13998438416696926,35
Freedom House,36,173,-0.18149440147058193,0.08203875516745539,46,0.15186162570141412,35
Freedom House,36,174,-0.17728528411301436,0.08890158216032952,46,0.11065844643226551,35
Freedom House,36,175,-0.1368026697929079,0.0769430212409483,46,0.09439247657622728,35
Freedom House,36,176,-0.14555774663862797,0.08954903634060642,46,0.08373084939589596,35
Freedom House,36,177,-0.1859945066655344,0.10985245440156541,46,0.12459984635753918,35
Freedom House,36,178,-0.2263896308870419,0.10000341691970477,46,0.19622342796893788,35
Freedom House,36,179,-0.22154794073935813,0.1002713850095166,46,0.15469692131195825,35
Freedom House,36,180,-0.18441929980297767,0.09969703667502106,46,0.10792466820056082,35
Freedom House,36,181,-0.2325112599632564,0.09441025384999915,46,0.22192520369135663,35
Freedom House,36,182,-0.1727375907647204,0.09929919050997667,46,0.12745117987517904,35
Freedom House,36,183,-0.1578382530318292,0.08928983956688666,46,0.13892351641400427,35
Freedom House,36,184,-0.17404029130267418,0.09703917259657763,46,0.1487681571167262,35
Freedom House,36,185,-0.16130515831464898,0.0912871761496431,46,0.11379395138759413,35
Freedom House,36,186,-0.16116323247825193,0.08462994035862058,46,0.10323167779391967,35
Freedom House,36,187,-0.09176992112965054,0.09047650330094927,46,0.17251613492362014,35
Freedom House,36,188,-0.21435885492040407,0.10264897383672772,46,0.14313570644012283,35
Freedom House,36,189,-0.18126746713641895,0.10195090957898113,46,0.08729016470830801,35
Freedom House,36,190,-0.22512262768778601,0.1043328961283901,46,0.1519060427257129,35
Freedom House,36,191,-0.2034573237628905,0.09728028998850685,46,0.09424556049315433,35
Freedom House,36,192,-0.14999315357104348,0.08394677353248288,46,0.10112950404700251,35
Freedom House,36,193,-0.1258057248269493,0.09083753645023813,46,0.12823773624043697,35
Freedom House,36,194,-0.1159396435832667,0.0777255382922337,46,0.0848650994652282,35
Freedom House,36,195,-0.1623036559445974,0.09383893252857448,46,0.24242454308190034,35
Freedom House,36,196,-0.229021348000356,0.10065436198157647,46,0.13935683800491408,35
Freedom House,36,197,-0.10298050384206237,0.09027864535259128,46,0.06258437649786405,35
Freedom House,36,198,-0.20849461790698198,0.09826329813096944,46,0.11467807345707223,35
Freedom House,36,199,-0.17126615542927937,0.09423114873471444,46,0.11520270450391978,35
Freedom House,36,200,-0.20680019930656002,0.09399271495957318,46,0.11225238248590184,35
Freedom House,44,1,-0.12040070242867373,0.07535977681591705,54,0.24842401511607723,43
Freedom House,44,2,-0.14935577053863613,0.08559437580955542,54,0.2462894211481339,43
Freedom House,44,3,-0.16670131257382192,0.08261395386216835,54,0.30055847869280755,43
Freedom House,44,4,-0.14248286557175804,0.07798793453573737,54,0.2302162335331538,43
Freedom House,44,5,-0.17021902045674042,0.09042998386557605,54,0.24615849625093242,43
Freedom House,44,6,-0.12629127192807088,0.0741551447706589,54,0.23649895490387987,43
Freedom House,44,7,-0.17021902045674042,0.09042998386557605,54,0.24615849625093242,43
Freedom House,44,8,-0.13237901826015652,0.07619428645091515,54,0.24818326368587038,43
Freedom House,44,9,-0.13265502670866836,0.07491474792390175,54,0.2323956751689644,43
Freedom House,44,10,-0.1274878132996451,0.0751135817094152,54,0.22989335932289956,43
Freedom House,44,11,-0.17838830474457756,0.08904889195583487,54,0.25061186507748645,43
Freedom House,44,12,-0.13681552658973772,0.0760147727690385,54,0.2693974076865468,43
Freedom House,44,13,-0.13447578026877482,0.07592255832370629,54,0.252349745929278,43
Freedom House,44,14,-0.1177388867621918,0.07795989891899738,54,0.22317476478348572,43
Freedom House,44,15,-0.14568752898499837,0.08842659909587298,54,0.2328099045581281,43
Freedom House,44,16,-0.13807443903831795,0.07966241242968375,54,0.23709838149694598,43
Freedom House,44,17,-0.1532516217492894,0.07817877242332143,54,0.23509669631816274,43
Freedom House,44,18,-0.17021902045674042,0.09042998386557605,54,0.24615849625093242,43
Freedom House,44,19,-0.1258406624137247,0.07560758497826281,54,0.23890656229015061,43
Freedom House,44,20,-0.14568752898499837,0.08842659909587298,54,0.2328099045581281,43
Freedom House,44,21,-0.14935577053863613,0.08559437580955542,54,0.2462894211481339,43
Freedom House,44,22,-0.18111293365460757,0.09500462660401525,54,0.28322544842109154,43
Freedom House,44,23,-0.14292100111523176,0.09180102312408021,54,0.23092286428799158,43
Freedom House,44,24,-0.13681552658973772,0.0760147727690385,54,0.2693974076865468,43
Freedom House,44,25,-0.13265502670866836,0.07491474792390175,54,0.2323956751689644,43
Freedom House,44,26,-0.1343043447816814,0.0764526177923893,54,0.24631164044603948,43
Freedom House,44,27,-0.12555383453251112,0.07509800475543346,54,0.22460731074975054,43
Freedom House,44,28,-0.12629127192807088,0.0741551447706589,54,0.23649895490387987,43
Freedom House,44,29,-0.13004783772202488,0.07554177435682861,54,0.23090368742270095,43
Freedom House,44,30,-0.14568752898499837,0.08842659909587298,54,0.2328099045581281,43
Freedom House,44,31,-0.12656921486733563,0.078155530076179,54,0.23568290061484268,43
Freedom House,44,32,-0.12469949092068977,0.07562654026000803,54,0.23693730454839856,43
Freedom House,44,33,-0.14292100111523176,0.09180102312408021,54,0.23092286428799158,43
Freedom House,44,34,-0.12728610883502722,0.07528966614919026,54,0.24030512364919293,43
Freedom House,44,35,-0.12056364882135595,0.0725883464251998,54,0.23317220468913927,43
Freedom House,44,36,-0.1349821310907613,0.0769340259219708,54,0.24837908740489004,43
Freedom House,44,37,-0.12655180945160693,0.07704965400330856,54,0.2244196906465482,43
Freedom House,44,38,-0.16276954855726666,0.0834896739189713,54,0.25861860957252003,43
Freedom House,44,39,-0.13839695682098796,0.07910444516999922,54,0.23702894614175318,43
Freedom House,44,40,-0.1532516217492894,0.07817877242332143,54,0.23509669631816274,43
Freedom House,44,41,-0.12056364882135595,0.0725883464251998,54,0.23317220468913927,43
Freedom House,44,42,-0.13839695682098796,0.07910444516999922,54,0.23702894614175318,43
Freedom House,44,43,-0.13004783772202488,0.07554177435682861,54,0.23090368742270095,43
Freedom House,44,44,-0.12827386871860535,0.07512444311070887,54,0.25317089075514804,43
Freedom House,44,45,-0.14568752898499837,0.08842659909587298,54,0.2328099045581281,43
Freedom House,44,46,-0.1414260797651501,0.07813636977665823,54,0.27112892051942367,43
Freedom House,44,47,-0.12629127192807088,0.0741551447706589,54,0.23649895490387987,43
Freedom House,44,48,-0.1285973217171077,0.07573501949702692,54,0.23567557421949503,43
Freedom House,44,49,-0.13317267220092543,0.07566023141852656,54,0.23575130852297163,43
Freedom House,44,50,-0.13077934578727857,0.07609582590503133,54,0.2286654199696161,43
Freedom House,44,51,-0.12131169279820075,0.07558235236869336,54,0.24065881822290192,43
Freedom House,44,52,-0.1258406624137247,0.07560758497826281,54,0.23890656229015061,43
Freedom House,44,53,-0.12827386871860535,0.07512444311070887,54,0.25317089075514804,43
Freedom House,44,54,-0.17838830474457756,0.08904889195583487,54,0.25061186507748645,43
Freedom House,44,55,-0.14414250969610087,0.0833634494429567,54,0.235563258995467,43
Freedom House,44,56,-0.13237901826015652,0.07619428645091515,54,0.24818326368587038,43
Freedom House,44,57,-0.13839695682098796,0.07910444516999922,54,0.23702894614175318,43
Freedom House,44,58,-0.17838830474457756,0.08904889195583487,54,0.25061186507748645,43
Freedom House,44,59,-0.1532516217492894,0.07817877242332143,54,0.23509669631816274,43
Freedom House,44,60,-0.1414260797651501,0.07813636977665823,54,0.27112892051942367,43
Freedom House,44,61,-0.13681552658973772,0.0760147727690385,54,0.2693974076865468,43
Freedom House,44,62,-0.12056364882135595,0.0725883464251998,54,0.23317220468913927,43
Freedom House,44,63,-0.12155486319960485,0.08219799358176356,54,0.22407196747489078,43
Freedom House,44,64,-0.13681552658973772,0.0760147727690385,54,0.2693974076865468,43
Freedom House,44,65,-0.16276954855726666,0.0834896739189713,54,0.25861860957252003,43
Freedom House,44,66,-0.1414260797651501,0.07813636977665823,54,0.27112892051942367,43
Freedom House,44,67,-0.13265502670866836,0.07491474792390175,54,0.2323956751689644,43
Freedom House,44,68,-0.12469949092068977,0.07562654026000803,54,0.23693730454839856,43
Freedom House,44,69,-0.1532516217492894,0.07817877242332143,54,0.23509669631816274,43
Freedom House,44,70,-0.1177388867621918,0.07795989891899738,54,0.22317476478348572,43
Freedom House,44,71,-0.14414250969610087,0.0833634494429567,54,0.235563258995467,43
Freedom House,44,72,-0.12909276574269346,0.07591813515457345,54,0.23460453754151045,43
Freedom House,44,73,-0.1274878132996451,0.0751135817094152,54,0.22989335932289956,43
Freedom House,44,74,-0.13004783772202488,0.07554177435682861,54,0.23090368742270095,43
Freedom House,44,75,-0.16670131257382192,0.08261395386216835,54,0.30055847869280755,43
Freedom House,44,76,-0.13237901826015652,0.07619428645091515,54,0.24818326368587038,43
Freedom House,44,77,-0.17021902045674042,0.09042998386557605,54,0.24615849625093242,43
Freedom House,44,78,-0.12655180945160693,0.07704965400330856,54,0.2244196906465482,43
Freedom House,44,79,-0.12056364882135595,0.0725883464251998,54,0.23317220468913927,43
Freedom House,44,80,-0.14568752898499837,0.08842659909587298,54,0.2328099045581281,43
Freedom House,44,81,-0.1414260797651501,0.07813636977665823,54,0.27112892051942367,43
Freedom House,44,82,-0.16276954855726666,0.0834896739189713,54,0.25861860957252003,43
Freedom House,44,83,-0.13237901826015652,0.07619428645091515,54,0.24818326368587038,43
Freedom House,44,84,-0.17838830474457756,0.08904889195583487,54,0.25061186507748645,43
Freedom House,44,85,-0.12555383453251112,0.07509800475543346,54,0.22460731074975054,43
Freedom House,44,86,-0.12555383453251112,0.07509800475543346,54,0.22460731074975054,43
Freedom House,44,87,-0.13077934578727857,0.07609582590503133,54,0.2286654199696161,43
Freedom House,44,88,-0.1532516217492894,0.07817877242332143,54,0.23509669631816274,43
Freedom House,44,89,-0.12155486319960485,0.08219799358176356,54,0.22407196747489078,43
Freedom House,44,90,-0.13265502670866836,0.07491474792390175,54,0.2323956751689644,43
Freedom House,44,91,-0.1177388867621918,0.07795989891899738,54,0.22317476478348572,43
Freedom House,44,92,-0.13004783772202488,0.07554177435682861,54,0.23090368742270095,43
Freedom House,44,93,-0.13004783772202488,0.07554177435682861,54,0.23090368742270095,43
Freedom House,44,94,-0.14414250969610087,0.0833634494429567,54,0.235563258995467,43
Freedom House,44,95,-0.17021902045674042,0.09042998386557605,54,0.24615849625093242,43
Freedom House,44,96,-0.12469949092068977,0.07562654026000803,54,0.23693730454839856,43
Freedom House,44,97,-0.13307190872458863,0.07678441897372394,54,0.23206608055731381,43
Freedom House,44,98,-0.1532516217492894,0.07817877242332143,54,0.23509669631816274,43
Freedom House,44,99,-0.17021902045674042,0.09042998386557605,54,0.24615849625093242,43
Freedom House,44,100,-0.17021902045674042,0.09042998386557605,54,0.24615849625093242,43
Freedom House,44,101,-0.12056364882135595,0.0725883464251998,54,0.23317220468913927,43
Freedom House,44,102,-0.1274878132996451,0.0751135817094152,54,0.22989335932289956,43
Freedom House,44,103,-0.13807443903831795,0.07966241242968375,54,0.23709838149694598,43
Freedom House,44,104,-0.1343043447816814,0.0764526177923893,54,0.24631164044603948,43
Freedom House,44,105,-0.1258406624137247,0.07560758497826281,54,0.23890656229015061,43
Freedom House,44,106,-0.14414250969610087,0.0833634494429567,54,0.235563258995467,43
Freedom House,44,107,-0.12155486319960485,0.08219799358176356,54,0.22407196747489078,43
Freedom House,44,108,-0.16276954855726666,0.0834896739189713,54,0.25861860957252003,43
Freedom House,44,109,-0.16670131257382192,0.08261395386216835,54,0.30055847869280755,43
Freedom House,44,110,-0.12656921486733563,0.078155530076179,54,0.23568290061484268,43
Freedom House,44,111,-0.12827386871860535,0.07512444311070887,54,0.25317089075514804,43
Freedom House,44,112,-0.16670131257382192,0.08261395386216835,54,0.30055847869280755,43
Freedom House,44,113,-0.12040070242867373,0.07535977681591705,54,0.24842401511607723,43
Freedom House,44,114,-0.17838830474457756,0.08904889195583487,54,0.25061186507748645,43
Freedom House,44,115,-0.1532516217492894,0.07817877242332143,54,0.23509669631816274,43
Freedom House,44,116,-0.13839695682098796,0.07910444516999922,54,0.23702894614175318,43
Freedom House,44,117,-0.14414250969610087,0.0833634494429567,54,0.235563258995467,43
Freedom House,44,118,-0.12469949092068977,0.07562654026000803,54,0.23693730454839856,43
Freedom House,44,119,-0.1414260797651501,0.07813636977665823,54,0.27112892051942367,43
Freedom House,44,120,-0.12629127192807088,0.0741551447706589,54,0.23649895490387987,43
Freedom House,44,121,-0.1414260797651501,0.07813636977665823,54,0.27112892051942367,43
Freedom House,44,122,-0.12629127192807088,0.0741551447706589,54,0.23649895490387987,43
Freedom House,44,123,-0.1177388867621918,0.07795989891899738,54,0.22317476478348572,43
Freedom House,44,124,-0.12625297753061604,0.07746040150253965,54,0.2391838480309248,43
Freedom House,44,125,-0.13526189262605026,0.07535381611419126,54,0.2306099570193827,43
Freedom House,44,126,-0.13265502670866836,0.07491474792390175,54,0.2323956751689644,43
Freedom House,44,127,-0.14568752898499837,0.08842659909587298,54,0.2328099045581281,43
Freedom House,44,128,-0.12827386871860535,0.07512444311070887,54,0.25317089075514804,43
Freedom House,44,129,-0.14292100111523176,0.09180102312408021,54,0.23092286428799158,43
Freedom House,44,130,-0.1258406624137247,0.07560758497826281,54,0.23890656229015061,43
Freedom House,44,131,-0.12728610883502722,0.07528966614919026,54,0.24030512364919293,43
Freedom House,44,132,-0.13317267220092543,0.07566023141852656,54,0.23575130852297163,43
Freedom House,44,133,-0.12909276574269346,0.07591813515457345,54,0.23460453754151045,43
Freedom House,44,134,-0.12040070242867373,0.07535977681591705,54,0.24842401511607723,43
Freedom House,44,135,-0.16276954855726666,0.0834896739189713,54,0.25861860957252003,43
Freedom House,44,136,-0.12655180945160693,0.07704965400330856,54,0.2244196906465482,43
Freedom House,44,137,-0.14935577053863613,0.08559437580955542,54,0.2462894211481339,43
Freedom House,44,138,-0.17021902045674042,0.09042998386557605,54,0.24615849625093242,43
Freedom House,44,139,-0.13526189262605026,0.07535381611419126,54,0.2306099570193827,43
Freedom House,44,140,-0.12056364882135595,0.0725883464251998,54,0.23317220468913927,43
Freedom House,44,141,-0.13317267220092543,0.07566023141852656,54,0.23575130852297163,43
Freedom House,44,142,-0.12131169279820075,0.07558235236869336,54,0.24065881822290192,43
Freedom House,44,143,-0.13526189262605026,0.07535381611419126,54,0.2306099570193827,43
Freedom House,44,144,-0.17021902045674042,0.09042998386557605,54,0.24615849625093242,43
Freedom House,44,145,-0.14292100111523176,0.09180102312408021,54,0.23092286428799158,43
Freedom House,44,146,-0.1274878132996451,0.0751135817094152,54,0.22989335932289956,43
Freedom House,44,147,-0.17838830474457756,0.08904889195583487,54,0.25061186507748645,43
Freedom House,44,148,-0.13307190872458863,0.07678441897372394,54,0.23206608055731381,43
Freedom House,44,149,-0.1343043447816814,0.0764526177923893,54,0.24631164044603948,43
Freedom House,44,150,-0.14414250969610087,0.0833634494429567,54,0.235563258995467,43
Freedom House,44,151,-0.14248286557175804,0.07798793453573737,54,0.2302162335331538,43
Freedom House,44,152,-0.12469949092068977,0.07562654026000803,54,0.23693730454839856,43
Freedom House,44,153,-0.16276954855726666,0.0834896739189713,54,0.25861860957252003,43
Freedom House,44,154,-0.12827386871860535,0.07512444311070887,54,0.25317089075514804,43
Freedom House,44,155,-0.13807443903831795,0.07966241242968375,54,0.23709838149694598,43
Freedom House,44,156,-0.12469949092068977,0.07562654026000803,54,0.23693730454839856,43
Freedom House,44,157,-0.1258406624137247,0.07560758497826281,54,0.23890656229015061,43
Freedom House,44,158,-0.13447578026877482,0.07592255832370629,54,0.252349745929278,43
Freedom House,44,159,-0.1414260797651501,0.07813636977665823,54,0.27112892051942367,43
Freedom House,44,160,-0.13839695682098796,0.07910444516999922,54,0.23702894614175318,43
Freedom House,44,161,-0.18111293365460757,0.09500462660401525,54,0.28322544842109154,43
Freedom House,44,162,-0.12040070242867373,0.07535977681591705,54,0.24842401511607723,43
Freedom House,44,163,-0.14292100111523176,0.09180102312408021,54,0.23092286428799158,43
Freedom House,44,164,-0.10635596807936243,0.080214560173196,54,0.22734443739131008,43
Freedom House,44,165,-0.12555383453251112,0.07509800475543346,54,0.22460731074975054,43
Freedom House,44,166,-0.12040070242867373,0.07535977681591705,54,0.24842401511607723,43
Freedom House,44,167,-0.1258406624137247,0.07560758497826281,54,0.23890656229015061,43
Freedom House,44,168,-0.12131169279820075,0.07558235236869336,54,0.24065881822290192,43
Freedom House,44,169,-0.12155486319960485,0.08219799358176356,54,0.22407196747489078,43
Freedom House,44,170,-0.12056364882135595,0.0725883464251998,54,0.23317220468913927,43
Freedom House,44,171,-0.17021902045674042,0.09042998386557605,54,0.24615849625093242,43
Freedom House,44,172,-0.12155486319960485,0.08219799358176356,54,0.22407196747489078,43
Freedom House,44,173,-0.17021902045674042,0.09042998386557605,54,0.24615849625093242,43
Freedom House,44,174,-0.16276954855726666,0.0834896739189713,54,0.25861860957252003,43
Freedom House,44,175,-0.13317267220092543,0.07566023141852656,54,0.23575130852297163,43
Freedom House,44,176,-0.13307190872458863,0.07678441897372394,54,0.23206608055731381,43
Freedom House,44,177,-0.12056364882135595,0.0725883464251998,54,0.23317220468913927,43
Freedom House,44,178,-0.12625297753061604,0.07746040150253965,54,0.2391838480309248,43
Freedom House,44,179,-0.1414260797651501,0.07813636977665823,54,0.27112892051942367,43
Freedom House,44,180,-0.1349821310907613,0.0769340259219708,54,0.24837908740489004,43
Freedom House,44,181,-0.14248286557175804,0.07798793453573737,54,0.2302162335331538,43
Freedom House,44,182,-0.1349821310907613,0.0769340259219708,54,0.24837908740489004,43
Freedom House,44,183,-0.12555383453251112,0.07509800475543346,54,0.22460731074975054,43
Freedom House,44,184,-0.13237901826015652,0.07619428645091515,54,0.24818326368587038,43
Freedom House,44,185,-0.12656921486733563,0.078155530076179,54,0.23568290061484268,43
Freedom House,44,186,-0.16276954855726666,0.0834896739189713,54,0.25861860957252003,43
Freedom House,44,187,-0.13077934578727857,0.07609582590503133,54,0.2286654199696161,43
Freedom House,44,188,-0.1285973217171077,0.07573501949702692,54,0.23567557421949503,43
Freedom House,44,189,-0.13681552658973772,0.0760147727690385,54,0.2693974076865468,43
Freedom House,44,190,-0.12656921486733563,0.078155530076179,54,0.23568290061484268,43
Freedom House,44,191,-0.12625297753061604,0.07746040150253965,54,0.2391838480309248,43
Freedom House,44,192,-0.12131169279820075,0.07558235236869336,54,0.24065881822290192,43
Freedom House,44,193,-0.1414260797651501,0.07813636977665823,54,0.27112892051942367,43
Freedom House,44,194,-0.14292100111523176,0.09180102312408021,54,0.23092286428799158,43
Freedom House,44,195,-0.12056364882135595,0.0725883464251998,54,0.23317220468913927,43
Freedom House,44,196,-0.10635596807936243,0.080214560173196,54,0.22734443739131008,43
Freedom House,44,197,-0.1177388867621918,0.07795989891899738,54,0.22317476478348572,43
Freedom House,44,198,-0.1349821310907613,0.0769340259219708,54,0.24837908740489004,43
Freedom House,44,199,-0.10635596807936243,0.080214560173196,54,0.22734443739131008,43
Freedom House,44,200,-0.13004783772202488,0.07554177435682861,54,0.23090368742270095,43
Polity,4,1,-0.4810654519681741,0.16949491940188674,14,0.9681681328550049,3
Polity,4,2,-0.551740554222012,0.17367958960509453,14,0.021354866967131323,3
Polity,4,3,-0.4925408113834209,0.19420112808478382,14,0.04175900674960971,3
Polity,4,4,-0.4193377920226844,0.26979138853963097,14,0.2823906409760609,3
Polity,4,5,-0.486333056890377,0.1831405996947834,14,0.7599019094833831,3
Polity,4,6,-0.5355022300925087,0.18058572863949088,14,0.01604142954976061,3
Polity,4,7,-0.526922049561918,0.18311365812243766,14,0.01019982137760063,3
Polity,4,8,-0.36169828890328404,0.17500685996427948,14,0.27644738150651077,3
Polity,4,9,-0.5016713922827227,0.19078352709501373,14,0.4211688731304898,3
Polity,4,10,-0.6252394539409138,0.3340640036951145,14,7.99587393457901e-4,3
Polity,4,11,-0.47285982439645924,0.16827734540903755,14,0.47650532827385034,3
Polity,4,12,-0.5059940491903987,0.17181228068060087,14,0.2804702321713529,3
Polity,4,13,-0.4858568872254274,0.17168415333373585,14,0.9333858158894212,3
Polity,4,14,-0.4829162483164726,0.17354267943509508,14,0.8552058269936108,3
Polity,4,15,-0.5165703803147279,0.17076830674904456,14,0.03408680979144944,3
Polity,4,16,-0.5126519140218182,0.18197495643860087,14,0.038234219063681525,3
Polity,4,17,-0.5262796760007333,0.16535577983531777,14,0.30301578504456517,3
Polity,4,18,-0.355675267676121,0.1883940033045372,14,0.1919528626311369,3
Polity,4,19,-0.37754414317556595,0.2428652214339916,14,0.06956956474329312,3
Polity,4,20,-0.3578329636841051,0.21022583363617195,14,0.8083148852768717,3
Polity,4,21,-0.5509191258880319,0.17793312606203995,14,0.020085728837514895,3
Polity,4,22,-0.4936673222791361,0.18163977179453875,14,0.8965745783347999,3
Polity,4,23,-0.5398426010031283,0.17901382887689424,14,0.007920871802121664,3
Polity,4,24,-0.5247797439795274,0.1871599149955476,14,0.009377975161256297,3
Polity,4,25,-0.5395475968830574,0.17434495938245706,14,0.011146771007249957,3
Polity,4,26,-0.4850551741648941,0.18300611925848195,14,0.8369060272395099,3
Polity,4,27,-0.5956677121964304,0.3174615851029207,14,0.0014200531292894172,3
Polity,4,28,-0.5613438733307312,0.22817296352021077,14,0.011452271291889598,3
Polity,4,29,-0.5016683093059946,0.17579530329479257,14,0.027361722311165477,3
Polity,4,30,-0.514345813338493,0.18282449640648404,14,0.13393285506447272,3
Polity,4,31,-0.5365603740789497,0.17880118559433933,14,0.0951884691654191,3
Polity,4,32,-0.49264140471184437,0.16571532474813752,14,0.35028345346729833,3
Polity,4,33,-0.36666723577735993,0.21670482978904282,14,0.8831324480197384,3
Polity,4,34,-0.45254514361322684,0.2186845513238954,14,0.018198219240291864,3
Polity,4,35,-0.4934940200063087,0.1676022334114456,14,0.0549270175725387,3
Polity,4,36,-0.537439844593079,0.17735639250460034,14,0.2312258452573733,3
Polity,4,37,-0.4632008353247361,0.2220591911008789,14,0.00573749456437624,3
Polity,4,38,-0.5605977816991903,0.1885703635717996,14,0.008304525623911168,3
Polity,4,39,-0.49545265713469533,0.1780327547322435,14,0.1965684015396536,3
Polity,4,40,-0.5972272393485758,0.21697722169748532,14,0.031149431980032793,3
Polity,4,41,-0.17133653641357682,0.5366798591137294,14,0.5373254728339225,3
Polity,4,42,-0.5034235469105068,0.16689043098521178,14,0.051112880101514796,3
Polity,4,43,-0.4658549650555708,0.16647038922430543,14,0.9272944839697772,3
Polity,4,44,-0.4825579761193346,0.1792428062420297,14,0.12836311788460925,3
Polity,4,45,-0.181608683241123,0.452363864306408,14,0.6422137194251042,3
Polity,4,46,-0.54976512086618,0.17393575534547057,14,0.05788340110527699,3
Polity,4,47,-0.445156404723809,0.16468094594676,14,0.973112124145403,3
Polity,4,48,-0.4821580815951023,0.18368121677987725,14,0.1492116228802601,3
Polity,4,49,-0.5420604833206966,0.1776743045033185,14,0.1480796458302708,3
Polity,4,50,-0.4793155911492626,0.24883809799634335,14,0.0708675998413549,3
Polity,4,51,-0.5114515226778211,0.17288231197316314,14,0.04332294531979617,3
Polity,4,52,-0.4554021090815734,0.23227378567374785,14,0.13298378447206824,3
Polity,4,53,-0.4509785575209051,0.17443997496972244,14,0.08854893237982722,3
Polity,4,54,-0.5486469603354802,0.1821674575252686,14,0.13687123892457467,3
Polity,4,55,-0.4766655647585427,0.16524173104031678,14,0.1613674351970113,3
Polity,4,56,-0.4859212590480082,0.17385301070973902,14,0.08595104927673997,3
Polity,4,57,-0.49181841282515926,0.1626010288115606,14,0.012209039984275218,3
Polity,4,58,-0.5045763732717399,0.18451613330297179,14,0.38904440972590093,3
Polity,4,59,-0.514295479032663,0.17230146910093197,14,0.011610061103451242,3
Polity,4,60,-0.5110567882431623,0.19695043376759278,14,0.8395016062264524,3
Polity,4,61,-0.3427726033611851,0.22704019968952163,14,0.5059213114414215,3
Polity,4,62,-0.4974497501419579,0.1849204953250625,14,0.8669372226895645,3
Polity,4,63,-0.5182920640608764,0.1637805603029897,14,0.1407502120977627,3
Polity,4,64,-0.5052079511514789,0.17462887866362184,14,0.01873622706391285,3
Polity,4,65,-0.47090247819400677,0.17626158766695155,14,0.11584528528006552,3
Polity,4,66,-0.49579041633204124,0.1790199528165805,14,0.943699001922188,3
Polity,4,67,-0.3196665636028122,0.24583067315017645,14,0.5069214773135559,3
Polity,4,68,-0.4925460225229772,0.17895788988391675,14,0.21041047900679632,3
Polity,4,69,-0.39270581677723904,0.19293540976162568,14,0.3783211514557589,3
Polity,4,70,-0.5429648256445097,0.18312709571524827,14,0.020189176026752746,3
Polity,4,71,-0.5153907005025671,0.16931788739734277,14,0.02305559768801603,3
Polity,4,72,-0.5071835465657788,0.16565838714919107,14,0.014455937254712021,3
Polity,4,73,-0.3614194275055418,0.3438557945643534,14,0.27766295061262475,3
Polity,4,74,-0.45641926918270403,0.20508774139890007,14,0.5689617103395246,3
Polity,4,75,-0.31244935605176316,0.2507314814386347,14,0.5986509294575247,3
Polity,4,76,-0.5150955626390354,0.17478234822998642,14,0.2006228137774585,3
Polity,4,77,-0.6012482417366751,0.19812482899058126,14,0.0013193517252796988,3
Polity,4,78,-0.4083779606703981,0.18337116834163253,14,0.058192936120631804,3
Polity,4,79,-0.500916433362601,0.1893829166524721,14,0.9123302724707434,3
Polity,4,80,-0.47402657696328987,0.17849671078937537,14,0.050488782780176995,3
Polity,4,81,-0.45905974667145166,0.1562056342442492,14,0.04254712822798071,3
Polity,4,82,-0.4566033884861387,0.18257996204884308,14,0.08695952061591258,3
Polity,4,83,-0.5077877073951491,0.18752342535614194,14,0.845179255220676,3
Polity,4,84,-0.4696829977668413,0.17223319843516793,14,0.9711201170736423,3
Polity,4,85,-0.4670280007641381,0.17813004758061163,14,0.05317013000972051,3
Polity,4,86,-0.43280617782230113,0.16348178101920505,14,0.23305699505689184,3
Polity,4,87,-0.35759676366601845,0.2577203697203375,14,0.39875526226601915,3
Polity,4,88,-0.5251376137514026,0.1865182321591194,14,0.10732524863178898,3
Polity,4,89,-0.49933109085919014,0.18047788380122282,14,0.6285853393610152,3
Polity,4,90,-0.5205155296927506,0.17614694891039506,14,0.015944329648676824,3
Polity,4,91,-0.5162787309596242,0.180848655544812,14,0.0769334234323211,3
Polity,4,92,-0.506331232838896,0.20639157147270737,14,0.002496064908861889,3
Polity,4,93,-0.5134190053992835,0.18234586080675874,14,0.13335303408738092,3
Polity,4,94,-0.5133016893593298,0.17119893799928773,14,0.11097152637119327,3
Polity,4,95,-0.4788049607285201,0.1762207109536254,14,0.6315287464387335,3
Polity,4,96,-0.5482277248628336,0.3435167748967732,14,0.29215760325183976,3
Polity,4,97,-0.5067137940792943,0.17655995499307106,14,0.011120220554983769,3
Polity,4,98,-0.5478556424234249,0.19097389714708174,14,0.010379924264799991,3
Polity,4,99,-0.5314658530574832,0.1704386079913556,14,0.014285856206371166,3
Polity,4,100,-0.37938745739902835,0.2131110792135716,14,0.7992328830861344,3
Polity,4,101,-0.5278347315381016,0.17974810327452467,14,0.08279350014410868,3
Polity,4,102,-0.5289455921166368,0.17891867854560412,14,0.12477938128850151,3
Polity,4,103,-0.490266837390422,0.1781654189003003,14,0.6797531798822238,3
Polity,4,104,-0.2801275930794862,0.2935367218623447,14,0.6736457800561908,3
Polity,4,105,-0.4210868303936408,0.15944917654634433,14,0.1502334568901118,3
Polity,4,106,-0.514151502861349,0.19903871309102894,14,0.870450667031003,3
Polity,4,107,-0.35067442993875275,0.20094075889113566,14,0.6170735472048439,3
Polity,4,108,-0.4560424823550546,0.17032739046996664,14,0.04688760822651938,3
Polity,4,109,-0.5589277392080483,0.18020619676292418,14,0.02096723532916598,3
Polity,4,110,-0.46734472041174246,0.16506101791556033,14,0.7066050097933729,3
Polity,4,111,-0.48842831017819766,0.17494876245110025,14,0.6257003845362356,3
Polity,4,112,-0.4446489409315699,0.16541858612998642,14,0.0365950234722826,3
Polity,4,113,-0.47227645312708244,0.17331558209096137,14,0.8896827290444276,3
Polity,4,114,-0.5234745684695685,0.16990340814432603,14,0.015848425414034372,3
Polity,4,115,-0.48685287329301374,0.1741790298274915,14,0.938210134896122,3
Polity,4,116,-0.48186180545471125,0.17218998510512812,14,0.9654252056461903,3
Polity,4,117,-0.4702304036391656,0.16827149580770606,14,0.9656073003746519,3
Polity,4,118,-0.458132873998915,0.18115695538364654,14,0.08748255114540661,3
Polity,4,119,-0.4851020799517247,0.16185065639268165,14,0.039203292554426596,3
Polity,4,120,-0.48250802600193055,0.17287937502906162,14,0.9614273483413762,3
Polity,4,121,-0.38667718155977937,0.22514198719131337,14,0.4577451236548576,3
Polity,4,122,-0.5501269255583745,0.17504719256510487,14,8.299489760765265e-4,3
Polity,4,123,-0.4679811789884072,0.1834348237804542,14,0.22922098363573387,3
Polity,4,124,-0.4749048816499233,0.1822646521856625,14,0.2561843134379699,3
Polity,4,125,-0.4890964250483556,0.1812279004862172,14,0.8640119831541981,3
Polity,4,126,-0.33867387469792476,0.24471955550795205,14,0.28149214839633574,3
Polity,4,127,-0.17762529721711218,0.6302027452551637,14,0.9695612598787589,3
Polity,4,128,-0.48779157164623843,0.18618365265194003,14,0.7526994730418417,3
Polity,4,129,-0.5455139971490395,0.17441986629112902,14,0.011215412198921785,3
Polity,4,130,-0.47597976976394296,0.17707998469701494,14,0.40939940866314845,3
Polity,4,131,-0.4943280556744831,0.17852344382254726,14,0.9489588859545742,3
Polity,4,132,-0.48423020249210325,0.17378900852273446,14,0.017965869281521957,3
Polity,4,133,-0.5285303832568671,0.16919301235172016,14,0.07733720392804273,3
Polity,4,134,-0.5222472408978307,0.17527683679421535,14,0.020620437893629634,3
Polity,4,135,-0.34484161627178445,0.2146144985846229,14,0.3916920816473274,3
Polity,4,136,-0.39384172610078494,0.21689939087277904,14,0.12009188874965565,3
Polity,4,137,-0.49863198564723454,0.17469459057461792,14,0.05166668736489009,3
Polity,4,138,-0.4680332741672686,0.16959550756932426,14,0.12295085249568283,3
Polity,4,139,-0.5108371858003009,0.19390786543806862,14,0.869322512747005,3
Polity,4,140,-0.47315383333466077,0.17742150993186,14,0.15458467156208494,3
Polity,4,141,-0.43577745010848545,0.22748500468533636,14,0.5125382544063682,3
Polity,4,142,-0.4974187593988999,0.1831199588119336,14,0.9929811092855824,3
Polity,4,143,-0.3067304331920315,0.2900210454103533,14,0.47305165858809506,3
Polity,4,144,-0.5132169071381192,0.17597949366845603,14,0.015178686264889298,3
Polity,4,145,-0.5056120658701744,0.17308370507374266,14,0.44297410312577934,3
Polity,4,146,-0.5080817417420489,0.19989606634715687,14,0.6750391647017182,3
Polity,4,147,-0.5717589258539242,0.19107837008924222,14,3.519098356370736e-4,3
Polity,4,148,-0.4700416956679696,0.17624062574213448,14,0.34563848672295905,3
Polity,4,149,-0.6150348803004819,0.18355126397186916,14,0.017240051536536422,3
Polity,4,150,-0.48459383902859976,0.17842951790835274,14,0.8561271517139207,3
Polity,4,151,-0.5592932715169594,0.18936148813970222,14,0.014587308671511904,3
Polity,4,152,-0.5131234704246763,0.17784927979790655,14,0.01682234970398282,3
Polity,4,153,-0.49682204326416723,0.18062825556685203,14,0.14910986347897015,3
Polity,4,154,-0.5212745872561744,0.16611211897612,14,0.21579301329153447,3
Polity,4,155,-0.42992207802133553,0.16042868684846961,14,0.5214691102222735,3
Polity,4,156,-0.5362378628150379,0.192137872328802,14,0.0399160133109577,3
Polity,4,157,-0.41835234089373863,0.21116185774069343,14,0.5486626856472644,3
Polity,4,158,-0.562566489712955,0.19563784823751876,14,0.003677115560776785,3
Polity,4,159,-0.5043009634386824,0.2106273226248119,14,0.5660805713615636,3
Polity,4,160,-0.45178417427202966,0.1686333658134646,14,0.4556924068571348,3
Polity,4,161,-0.552631780059385,0.1821092265347843,14,0.0013815321153857905,3
Polity,4,162,-0.6695926443879543,0.36132342832314085,14,3.003170580215229e-4,3
Polity,4,163,-0.5140569440524239,0.17757210894850067,14,0.12994143952606502,3
Polity,4,164,-0.5107255714498145,0.18916626296592423,14,0.009410175912583316,3
Polity,4,165,-0.34135257875737146,0.28858319121964776,14,0.20631492970442628,3
Polity,4,166,-0.39671713711620527,0.1996119607301528,14,0.03907740168859928,3
Polity,4,167,-0.5719402594491978,0.2215440559737629,14,0.004809595151421817,3
Polity,4,168,-0.531122108826346,0.1740180213653901,14,0.122596918125593,3
Polity,4,169,-0.50691982447933,0.16627210763732833,14,0.009222422299196873,3
Polity,4,170,-0.5250791115693518,0.17899861601957104,14,0.10922434674119189,3
Polity,4,171,-0.49081103653824965,0.17353239439297952,14,0.35785800796326933,3
Polity,4,172,-0.5243618974774007,0.1723788954629018,14,0.02396953080048813,3
Polity,4,173,-0.5145771803252268,0.17057579186559652,14,0.015612416622895585,3
Polity,4,174,-0.3052202658820331,0.2338392605754231,14,0.05972817919179046,3
Polity,4,175,-0.40183957778548773,0.19538356514400912,14,0.40332500862090426,3
Polity,4,176,-0.30766245240780954,0.25440601851964084,14,0.48107270722846357,3
Polity,4,177,-0.510299458481775,0.16652731147086017,14,0.03565210007224345,3
Polity,4,178,-0.4087686120137608,0.1619858978679344,14,0.240648096074818,3
Polity,4,179,-0.47079681725161926,0.1660484279358444,14,0.019935180930722836,3
Polity,4,180,-0.48021122196326793,0.1677797186098883,14,0.19530589246752478,3
Polity,4,181,-0.5111129829446197,0.1723649551441494,14,0.01873722159555776,3
Polity,4,182,-0.4426810834926602,0.20132188650953273,14,0.09438534293790601,3
Polity,4,183,-0.48224133797593005,0.17512995004821738,14,0.9667542874899915,3
Polity,4,184,-0.4588399357984496,0.19843857215444824,14,0.05716582784903664,3
Polity,4,185,-0.3261652937058077,0.24767863094994813,14,0.5540856711395962,3
Polity,4,186,-0.46366500280308287,0.18742116430601674,14,0.09010493315599442,3
Polity,4,187,-0.36291677786094567,0.3007656520533962,14,0.0855988276557257,3
Polity,4,188,-0.4272779015532606,0.18208126388688536,14,0.7599566416192095,3
Polity,4,189,-0.5056969782857479,0.17584909853555797,14,0.011742503551355704,3
Polity,4,190,-0.33080592011708987,0.21877986772459665,14,0.9788438909178334,3
Polity,4,191,-0.45725419631954,0.17978009673718381,14,0.2009054135401698,3
Polity,4,192,-0.33048656257449416,0.2167169730207241,14,0.2789990963254191,3
Polity,4,193,-0.49390804428095514,0.17295066925880717,14,0.008400319397306304,3
Polity,4,194,-0.5098562167117953,0.1819328380289849,14,0.03531066187247563,3
Polity,4,195,-0.3773550922316513,0.25710491552953174,14,0.2346179004043702,3
Polity,4,196,-0.4695815561116241,0.1701225002510088,14,0.9762902063146158,3
Polity,4,197,-0.4731732159757076,0.17326662274722274,14,0.19568115790375687,3
Polity,4,198,-0.5155102221759948,0.17272395603995297,14,0.00947987769686696,3
Polity,4,199,-0.38676632283442736,0.27557083667957255,14,0.20465043093454813,3
Polity,4,200,-0.5638461362045746,0.2089326385570984,14,0.014795708778075449,3
Polity,12,1,-0.6108656984414527,0.1707862997202762,22,0.007646176618993332,11
Polity,12,2,-0.49058914521881736,0.15637694415079012,22,0.2502008292830297,11
Polity,12,3,-0.5882512007103244,0.1817206850183132,22,0.006535747621343399,11
Polity,12,4,-0.4941627575932568,0.16675903820756294,22,0.14316527767254117,11
Polity,12,5,-0.587761900895237,0.1756094991090668,22,0.06521048926917727,11
Polity,12,6,-0.44985484097977135,0.14574689756487025,22,0.3982817791010408,11
Polity,12,7,-0.6269221721878546,0.1789351609835496,22,0.012234225165559534,11
Polity,12,8,-0.46679127194392844,0.15558910402217263,22,0.7391006906885886,11
Polity,12,9,-0.48238018914359504,0.15988833494063642,22,0.09466937917826371,11
Polity,12,10,-0.6127071767289758,0.1785716609414704,22,0.03023236569254716,11
Polity,12,11,-0.5153323883818572,0.17579732937336834,22,0.13422556326882162,11
Polity,12,12,-0.5206855440837037,0.1669258520875226,22,0.6899833513824493,11
Polity,12,13,-0.505082974129829,0.17075587009933818,22,0.020815705419823135,11
Polity,12,14,-0.4896108567882491,0.16316464983218254,22,0.012172031313656271,11
Polity,12,15,-0.5480367288609269,0.15950076537453697,22,0.06949086476746226,11
Polity,12,16,-0.5088116311515893,0.1657264539072533,22,0.2554771770594086,11
Polity,12,17,-0.5557207547814169,0.16824413515507383,22,0.018810821297472427,11
Polity,12,18,-0.47530394529176156,0.1585659135295244,22,0.11117581029469785,11
Polity,12,19,-0.5226908403018502,0.16565372303600467,22,0.16116968581919583,11
Polity,12,20,-0.5154422985743592,0.16175666623485985,22,0.026132879610610116,11
Polity,12,21,-0.6099014362920938,0.17604561213130712,22,0.014516215557619293,11
Polity,12,22,-0.5641613730437944,0.16342223460176478,22,0.0714250580375202,11
Polity,12,23,-0.576157825520065,0.17077702794002045,22,0.010848705921100382,11
Polity,12,24,-0.49968605378547437,0.159040836592142,22,0.1745644774788033,11
Polity,12,25,-0.5376793345519078,0.1550230488257398,22,0.08969536679638261,11
Polity,12,26,-0.5885842613879317,0.17097004770246244,22,0.038360843768580025,11
Polity,12,27,-0.5984285193192216,0.1754233581695716,22,0.02997895570258166,11
Polity,12,28,-0.48417064730790393,0.16762737510810288,22,0.15516368927946775,11
Polity,12,29,-0.5104575767798698,0.1669859431988829,22,0.24109514938449697,11
Polity,12,30,-0.5627241702432322,0.17051593613986027,22,0.033135796576631606,11
Polity,12,31,-0.5679592016743777,0.17299283686031275,22,0.10324014083892354,11
Polity,12,32,-0.4427647572690425,0.16468851628918774,22,0.3995116145769637,11
Polity,12,33,-0.60904168200417,0.17351533274441627,22,0.014301647428527657,11
Polity,12,34,-0.5629391035155704,0.17406066681031077,22,0.06378451139903432,11
Polity,12,35,-0.5377180641256416,0.16196342098552152,22,0.4250475847225677,11
Polity,12,36,-0.5067853181975641,0.18642825661260104,22,0.04986364133888629,11
Polity,12,37,-0.5577520775586446,0.16413623530618168,22,0.018733164213392578,11
Polity,12,38,-0.5775012808355857,0.17482125648768104,22,0.09394932091472213,11
Polity,12,39,-0.5657903820938568,0.1771985757715124,22,0.05017760084608624,11
Polity,12,40,-0.5691277768741605,0.18450855047617287,22,0.08116830782104756,11
Polity,12,41,-0.5668713330355413,0.18242294659553757,22,0.4228886523460247,11
Polity,12,42,-0.4893027544129218,0.15365926631556395,22,0.46251114655973957,11
Polity,12,43,-0.5458398409764378,0.16992765046529823,22,0.3876400990161179,11
Polity,12,44,-0.45826603535624333,0.1498157914756086,22,0.16821732368713155,11
Polity,12,45,-0.5341844256263899,0.1622193016537987,22,0.48660379451912694,11
Polity,12,46,-0.44808167921494046,0.16085014442651938,22,0.05329957783984411,11
Polity,12,47,-0.5635478226255524,0.17424970847609372,22,0.04539131499486167,11
Polity,12,48,-0.5057983830077424,0.15604785983036726,22,0.31162698017341245,11
Polity,12,49,-0.5746561892324218,0.17177242273204846,22,0.06040021734661212,11
Polity,12,50,-0.5643404406944788,0.17344982790189495,22,0.1383750916720518,11
Polity,12,51,-0.5251101294728961,0.16057359880605213,22,0.559877869237425,11
Polity,12,52,-0.4816031173686799,0.16117710080403397,22,0.14553363873845282,11
Polity,12,53,-0.36169783227749086,0.16396448461874374,22,0.011400153094090794,11
Polity,12,54,-0.5244732929739859,0.16966943721762243,22,0.16727126612479365,11
Polity,12,55,-0.5919090419500552,0.17591536168523372,22,0.06396763471443417,11
Polity,12,56,-0.5342073969356651,0.15903345583249504,22,0.22273145253225815,11
Polity,12,57,-0.4539790138365598,0.15680030682906687,22,0.05611667149509315,11
Polity,12,58,-0.5614399246583126,0.1775367989838559,22,0.2298497792971655,11
Polity,12,59,-0.5376046867798365,0.17171177230595328,22,0.24476140088717097,11
Polity,12,60,-0.4198521408700451,0.15209811801198472,22,0.08462027031855941,11
Polity,12,61,-0.5731261640596017,0.16931410560070112,22,0.22391181188243897,11
Polity,12,62,-0.5072496538025577,0.1554111511857094,22,0.049364998319395656,11
Polity,12,63,-0.5384507826722116,0.17174055382534745,22,0.09399443264885528,11
Polity,12,64,-0.5837470908685107,0.18509859198295314,22,0.07839571628481852,11
Polity,12,65,-0.5425420989665861,0.1666998240303404,22,0.8255627685488034,11
Polity,12,66,-0.6125169671450612,0.17037214964494385,22,0.06754265987145662,11
Polity,12,67,-0.6455546983767251,0.18055927709476674,22,0.06818956953976082,11
Polity,12,68,-0.5085356474982934,0.17957875674088236,22,0.04774578733932091,11
Polity,12,69,-0.5946649384876181,0.17955905324554028,22,0.11038419527166622,11
Polity,12,70,-0.5482908432318307,0.16840294808530085,22,0.025763584829014263,11
Polity,12,71,-0.5931545268976599,0.1714106237641987,22,0.01451528328492898,11
Polity,12,72,-0.5377969423188276,0.17189319198850098,22,0.3878443938084278,11
Polity,12,73,-0.48568552768524675,0.19029075062949094,22,0.9321930360400371,11
Polity,12,74,-0.569180557295283,0.1751282552197494,22,0.05959979929519496,11
Polity,12,75,-0.48647962033988357,0.15452405051378193,22,0.04370930102605992,11
Polity,12,76,-0.5630199025371727,0.17896110335404833,22,0.1051732052156898,11
Polity,12,77,-0.5311124791817301,0.16124832703652134,22,0.02460221010329589,11
Polity,12,78,-0.6486938529988411,0.18505802576698455,22,0.12155443323137617,11
Polity,12,79,-0.4607128577247881,0.14760377098970975,22,0.05877168336713432,11
Polity,12,80,-0.5854315910730099,0.17272778785418155,22,0.05586979453548977,11
Polity,12,81,-0.5300598030389443,0.16804127559441606,22,0.2225275657059651,11
Polity,12,82,-0.47528182291186116,0.16370827707977156,22,0.9879835464273451,11
Polity,12,83,-0.5501872254369689,0.17129998507271055,22,0.0311498258265196,11
Polity,12,84,-0.5639958520612307,0.16878145357185823,22,0.13058017627257104,11
Polity,12,85,-0.542197668143598,0.1580967906407447,22,0.09525496294970652,11
Polity,12,86,-0.5527981451177197,0.17387323349799352,22,0.11463680528089723,11
Polity,12,87,-0.4545025235320699,0.15244452138530268,22,0.05091442999842795,11
Polity,12,88,-0.5301096079676562,0.17121855862401122,22,0.021165204947267844,11
Polity,12,89,-0.5785878113079406,0.16971825881104044,22,0.006621818801404055,11
Polity,12,90,-0.5228002693419187,0.17488413324000746,22,0.014047513360456839,11
Polity,12,91,-0.49201857602391375,0.15805729152775153,22,0.007383296877145795,11
Polity,12,92,-0.49111989076591644,0.16656269257798487,22,0.04635493314052912,11
Polity,12,93,-0.6149980099395371,0.18628269471669448,22,0.03811139952574508,11
Polity,12,94,-0.4315389646072578,0.14865496275288145,22,0.15117219496348824,11
Polity,12,95,-0.6138363192442808,0.16598261423087932,22,0.2345719052644656,11
Polity,12,96,-0.4741621681763668,0.16688315771766654,22,0.007498277744460579,11
Polity,12,97,-0.5502647823669662,0.18311911732692718,22,0.06810052123934061,11
Polity,12,98,-0.5744028830068553,0.17739930788988761,22,0.04553778048805758,11
Polity,12,99,-0.4924861104725746,0.16265415778629919,22,0.4667327820845318,11
Polity,12,100,-0.6164450896505045,0.17812107006895414,22,0.0733757103914047,11
Polity,12,101,-0.4202094149581077,0.14445029213229127,22,0.1993751357828147,11
Polity,12,102,-0.5319749702676164,0.1749989740547621,22,0.11967621070545764,11
Polity,12,103,-0.4972943830976808,0.1610024437419928,22,0.03798969997597565,11
Polity,12,104,-0.5879908663537723,0.17889534701412685,22,0.14225843358135953,11
Polity,12,105,-0.5442285619828366,0.1664055022960287,22,0.08620619537494846,11
Polity,12,106,-0.4608560437444691,0.15093311823995312,22,0.08744385522431922,11
Polity,12,107,-0.47258387118656575,0.15741288345167168,22,0.03821433017866899,11
Polity,12,108,-0.49281649085267,0.16512193774998618,22,0.21546478753906836,11
Polity,12,109,-0.5645344858440637,0.16945653884265224,22,0.045468185277847066,11
Polity,12,110,-0.5086331267168269,0.16604671099243423,22,0.14776985893963301,11
Polity,12,111,-0.5985933994745354,0.1813062108227651,22,0.11881931814906278,11
Polity,12,112,-0.5101029477741479,0.16336937574416038,22,0.049178018780372555,11
Polity,12,113,-0.5110642482364272,0.16038742379988208,22,0.014301959913678285,11
Polity,12,114,-0.49327989455659527,0.168147844242285,22,0.41178782796030494,11
Polity,12,115,-0.5214753869571522,0.1696296528554466,22,0.01386187156822536,11
Polity,12,116,-0.5754800853689694,0.1633295450591668,22,0.005172653302390465,11
Polity,12,117,-0.6273301586797118,0.1888477312490463,22,0.04989055928911849,11
Polity,12,118,-0.5381339597338348,0.1635342168974356,22,0.23162178968279634,11
Polity,12,119,-0.49553150238135846,0.16663913686892276,22,0.08527166824738322,11
Polity,12,120,-0.5294195020897838,0.16728337272484936,22,0.0543073957287016,11
Polity,12,121,-0.5729333859417345,0.1725167080478127,22,0.02048213836420532,11
Polity,12,122,-0.5682264422272958,0.17728475225938953,22,0.15438354390268613,11
Polity,12,123,-0.4270317513193973,0.15475819028651397,22,0.06963117740369633,11
Polity,12,124,-0.5562201852443938,0.17680890463811982,22,0.12430053178192424,11
Polity,12,125,-0.6295265256720803,0.17302797290486285,22,0.11230760112086753,11
Polity,12,126,-0.5401718760091274,0.16758909003359018,22,0.065466299862966,11
Polity,12,127,-0.5571975781960345,0.15876280047415117,22,0.011361675009509098,11
Polity,12,128,-0.5344315797836403,0.1720985687594841,22,0.14604162246071442,11
Polity,12,129,-0.528501449167802,0.16459694693483493,22,0.29952806773673046,11
Polity,12,130,-0.5691575247460747,0.17056023033405557,22,0.14751450097556126,11
Polity,12,131,-0.4635684347900977,0.1532618107023092,22,0.085234031572999,11
Polity,12,132,-0.5596770905889468,0.178951886609656,22,0.03439661010385129,11
Polity,12,133,-0.5250944210947281,0.16537759832431076,22,0.19916202231653143,11
Polity,12,134,-0.4981286731336185,0.16227135245268012,22,0.4840463537331009,11
Polity,12,135,-0.5833754712618333,0.1768608076265604,22,0.18912084228717163,11
Polity,12,136,-0.5628559092593868,0.1721677433192516,22,0.08398326521719289,11
Polity,12,137,-0.509557795089929,0.16423215989082596,22,0.10789889774000572,11
Polity,12,138,-0.5355982424389296,0.16508639014687077,22,0.05671980074561665,11
Polity,12,139,-0.4914971558307366,0.170243384819266,22,0.024563256504938385,11
Polity,12,140,-0.5594167823093352,0.16858624098431924,22,0.03156888145245402,11
Polity,12,141,-0.5502865787839593,0.1623986268533508,22,0.007395631341530394,11
Polity,12,142,-0.5988988252689467,0.1748195002082028,22,0.027535983671618407,11
Polity,12,143,-0.6217371293037814,0.1809712294542656,22,0.02326567363541936,11
Polity,12,144,-0.546839048584193,0.1693394028168339,22,0.09984222138096412,11
Polity,12,145,-0.530377905338514,0.16889321128630883,22,0.12715015338415667,11
Polity,12,146,-0.5358895294668331,0.1649417246843026,22,0.08877730887725067,11
Polity,12,147,-0.5478371165246507,0.16936306770244397,22,0.21383770307863478,11
Polity,12,148,-0.5753835893974433,0.1722092922010046,22,0.08328837423948018,11
Polity,12,149,-0.5566559976021637,0.18040518058401872,22,0.008278541193849995,11
Polity,12,150,-0.614609926481136,0.16970120765529415,22,0.007793943527453942,11
Polity,12,151,-0.6085889131096343,0.17434137547442813,22,0.22841574929659864,11
Polity,12,152,-0.5209824864748285,0.16121213632773357,22,0.08572899989933754,11
Polity,12,153,-0.5819316494178697,0.16994063869736822,22,0.037081409424953506,11
Polity,12,154,-0.5951852096081396,0.16095112478283585,22,0.07415933126837872,11
Polity,12,155,-0.49529951787571314,0.15772526466384462,22,0.04964692373706084,11
Polity,12,156,-0.5629449577425882,0.1650654006492589,22,0.32302972495279,11
Polity,12,157,-0.42833929625710354,0.1617247280547855,22,0.4446002526043865,11
Polity,12,158,-0.45209736325046634,0.14983163570866076,22,0.1153758629397672,11
Polity,12,159,-0.48050418980225373,0.15809062033025478,22,0.179583059850322,11
Polity,12,160,-0.6165820860258471,0.17176706768669156,22,0.08902312132038513,11
Polity,12,161,-0.497990979989293,0.15553310345633217,22,0.09350838706237048,11
Polity,12,162,-0.6016018707192288,0.17098780979352102,22,0.04891828505663576,11
Polity,12,163,-0.5009980672397578,0.160191218230943,22,0.004436243970310122,11
Polity,12,164,-0.557038212705721,0.16807953423013675,22,0.06325650016276206,11
Polity,12,165,-0.6170111516573273,0.1897362103667464,22,0.13424585233755973,11
Polity,12,166,-0.593132062603404,0.17719654600840398,22,0.006841996129268017,11
Polity,12,167,-0.5914892582085871,0.1925498016344858,22,0.03299237463235129,11
Polity,12,168,-0.5012833510404073,0.16038505935218134,22,0.0065716276827666,11
Polity,12,169,-0.529080477058943,0.17823473925750263,22,0.014013653503211354,11
Polity,12,170,-0.5234066091675924,0.17443761502539115,22,0.24663105188812082,11
Polity,12,171,-0.5337176974401681,0.17166621008181981,22,0.01610672313324875,11
Polity,12,172,-0.6063278021977192,0.19273881467315832,22,0.03360907810925581,11
Polity,12,173,-0.5208936031814027,0.16224906228291455,22,0.8139417850566066,11
Polity,12,174,-0.57450060265956715,0.1733178393915949,22,0.0162819485073348,11
Polity,12,175,-0.5391895843641503,0.17316113375991699,22,0.05399741925616322,11
Polity,12,176,-0.5116056699032177,0.17011929566926856,22,0.011526974526994718,11
Polity,12,177,-0.5909479914318867,0.1739852846891592,22,0.04082735757735751,11
Polity,12,178,-0.4552938999321219,0.15064774499533817,22,0.028838406014757522,11
Polity,12,179,-0.4300581437315465,0.15538032279452446,22,0.04532182001860257,11
Polity,12,180,-0.5263883846074524,0.15546978318188534,22,0.003740139454407179,11
Polity,12,181,-0.4968823709918313,0.16278373801525306,22,0.07643679325344362,11
Polity,12,182,-0.5280131124242686,0.18010158807575327,22,0.1435117837035754,11
Polity,12,183,-0.6181670752372055,0.18185654394551262,22,0.08703752433814006,11
Polity,12,184,-0.5372297306342038,0.16755228169247643,22,0.1161277829750761,11
Polity,12,185,-0.5967648662397123,0.16843103272056986,22,0.03887649228340954,11
Polity,12,186,-0.4668553823756545,0.163618236209727,22,0.12920752959310342,11
Polity,12,187,-0.42931146011534516,0.1582652136931466,22,0.4586673838237988,11
Polity,12,188,-0.5324516471937777,0.16055400852846843,22,0.19689430554226253,11
Polity,12,189,-0.5453072292569674,0.17297582880660797,22,0.00864860180729017,11
Polity,12,190,-0.5317284100079487,0.1686974031384631,22,0.05584575128768074,11
Polity,12,191,-0.5006602473097894,0.15696069357938414,22,0.1748376490867324,11
Polity,12,192,-0.49169846960545094,0.16639939937395232,22,0.18017974670298534,11
Polity,12,193,-0.5220855302030882,0.1607801731296502,22,0.2699416360530945,11
Polity,12,194,-0.5025589202079352,0.16727984250104586,22,0.10502774210406196,11
Polity,12,195,-0.5190883251785241,0.16798337488844492,22,0.156353903050642,11
Polity,12,196,-0.4860615131201689,0.17033712143042404,22,0.8756122165014265,11
Polity,12,197,-0.5468494595221918,0.17145510458196245,22,0.02654323622212681,11
Polity,12,198,-0.5328578936922446,0.16229497810515406,22,0.0370906310905542,11
Polity,12,199,-0.5518148714259805,0.17053396561089806,22,0.09108123769083412,11
Polity,12,200,-0.5193054969501638,0.16126479500235832,22,0.03878218874756466,11
Polity,20,1,-0.4062651275798821,0.14188217697279762,30,0.06959364743976798,19
Polity,20,2,-0.5630278092187204,0.16587680300574797,30,0.12890352967975446,19
Polity,20,3,-0.4615931155717865,0.1486233180564417,30,0.0263258041219902,19
Polity,20,4,-0.5015744111372147,0.1441046933903627,30,0.022346014917668307,19
Polity,20,5,-0.515543093290538,0.16299321309915316,30,0.015673416303122446,19
Polity,20,6,-0.5547019809644702,0.16831697569422058,30,0.39864853643300957,19
Polity,20,7,-0.48965361967732424,0.16339266993403895,30,0.03714104493774132,19
Polity,20,8,-0.5969766769233011,0.16237859011554148,30,0.04027458578560179,19
Polity,20,9,-0.5477791475753504,0.17195275535947466,30,0.2210128800930925,19
Polity,20,10,-0.6127521954090227,0.16185955801422947,30,0.02033790171156702,19
Polity,20,11,-0.5416213521683275,0.17419975901275517,30,0.06307749853981862,19
Polity,20,12,-0.5202927132704129,0.1581709545987735,30,0.19846534895299184,19
Polity,20,13,-0.5493284986230007,0.16939594067345976,30,0.20716228562019826,19
Polity,20,14,-0.5349096523464869,0.16257535916692303,30,0.007439007828782986,19
Polity,20,15,-0.4475824304934992,0.14354585596768799,30,0.12077797324711338,19
Polity,20,16,-0.5206785569123271,0.1473736364572984,30,0.09737330179293119,19
Polity,20,17,-0.5681104215627402,0.16406981193803416,30,0.08407241748842038,19
Polity,20,18,-0.4739722078294779,0.14141275806194992,30,0.02041497353849202,19
Polity,20,19,-0.5030336030572968,0.16213372300616588,30,0.27019337490515827,19
Polity,20,20,-0.4640721099892424,0.15026493023100482,30,0.20871249286131888,19
Polity,20,21,-0.5225148152136061,0.1521201004761798,30,0.01477968878591978,19
Polity,20,22,-0.5534461227243002,0.18017278531708075,30,0.06064717761747314,19
Polity,20,23,-0.5306139337209856,0.1556808434504454,30,0.1508202751355206,19
Polity,20,24,-0.5756924588024503,0.1649744766664401,30,0.050774690117725285,19
Polity,20,25,-0.5671199179967372,0.17499881815961366,30,0.18841709504980653,19
Polity,20,26,-0.5142260684887452,0.16240826373497227,30,0.1228845854304057,19
Polity,20,27,-0.5436845304866287,0.18247938363804853,30,0.0666961511191266,19
Polity,20,28,-0.6194619346276351,0.18446149577873314,30,0.20883209263032812,19
Polity,20,29,-0.5989617833230483,0.1807525798424553,30,0.19630332820079432,19
Polity,20,30,-0.4782836230364067,0.14588970085467381,30,0.08632931648190657,19
Polity,20,31,-0.57114427851341,0.17584048733435687,30,0.02840438360286646,19
Polity,20,32,-0.5790919697970738,0.16830284060359205,30,0.08523640470963725,19
Polity,20,33,-0.4569471205999758,0.14898108409191047,30,0.1425794120388783,19
Polity,20,34,-0.5488926505893783,0.15509202354923599,30,0.08011578789442478,19
Polity,20,35,-0.43260349560170397,0.14766643151432574,30,0.01031670517467753,19
Polity,20,36,-0.5220724542384767,0.16086742205442797,30,0.07668415623969724,19
Polity,20,37,-0.5398312097899431,0.1611349559441475,30,0.18015872154193488,19
Polity,20,38,-0.46137550500798596,0.14738365744303625,30,0.17377935075715928,19
Polity,20,39,-0.5553839810687506,0.1706956240797872,30,0.04775723958297556,19
Polity,20,40,-0.5816518132049993,0.16908604634409713,30,0.22942350629142977,19
Polity,20,41,-0.5571869848331508,0.1484838489852101,30,0.09133059920733622,19
Polity,20,42,-0.5322902453753349,0.15045601753682938,30,0.17249285755929641,19
Polity,20,43,-0.5159940489771886,0.15156232899967947,30,0.03068990797207629,19
Polity,20,44,-0.5506804110890604,0.16547940167905126,30,0.0787949477477766,19
Polity,20,45,-0.5633734987794599,0.1599330447892849,30,0.06855631666239505,19
Polity,20,46,-0.5532319589819847,0.17016167537855323,30,0.30155308069947123,19
Polity,20,47,-0.6455761230861707,0.18507397206608886,30,0.15197507023576412,19
Polity,20,48,-0.5046138307467496,0.159242340893011,30,0.3444373306283289,19
Polity,20,49,-0.4760894373763245,0.1446562996711288,30,0.09787049598534624,19
Polity,20,50,-0.5217298249966866,0.15018524068964695,30,0.04023053195023972,19
Polity,20,51,-0.5499349091994379,0.17481557031549375,30,0.07022607757744967,19
Polity,20,52,-0.520102023053088,0.1551191215780594,30,0.0239028352615945,19
Polity,20,53,-0.5232261668157836,0.15792503273250452,30,0.054650234028033255,19
Polity,20,54,-0.5584982071831037,0.16267547368021412,30,0.047821205686422806,19
Polity,20,55,-0.5503400537147547,0.1817108276210712,30,0.04525397434385356,19
Polity,20,56,-0.5657306354864611,0.16786853287824333,30,0.06391908149192639,19
Polity,20,57,-0.45775414921994795,0.15709416588722,30,0.003016955217980184,19
Polity,20,58,-0.3975080041521144,0.14077412605730777,30,0.0037230632629351727,19
Polity,20,59,-0.5411721448226352,0.1844582671475979,30,0.060293819623118354,19
Polity,20,60,-0.6025261019148394,0.16181032507630694,30,0.03536111395558549,19
Polity,20,61,-0.5861614307542551,0.16900827980968652,30,0.033445843183142386,19
Polity,20,62,-0.4639798502173704,0.1518528967160131,30,0.16389078304304933,19
Polity,20,63,-0.4597676577231038,0.1511095524369233,30,0.038599727647487016,19
Polity,20,64,-0.4946553277731418,0.15828164685190577,30,0.12666186177833028,19
Polity,20,65,-0.506059915572096,0.1676681763625853,30,0.29030094787097394,19
Polity,20,66,-0.6271746859414371,0.17680947614221837,30,0.009683730558085947,19
Polity,20,67,-0.4538788787324739,0.14226799619073355,30,0.01038243853503532,19
Polity,20,68,-0.49435657754775963,0.14462719515145414,30,0.07390294374056347,19
Polity,20,69,-0.6242674902363881,0.1699084673708298,30,0.17444277252847037,19
Polity,20,70,-0.4755403999664285,0.15018337725675227,30,0.11854020065278498,19
Polity,20,71,-0.5603932235489442,0.1776421508378008,30,0.16779871056536105,19
Polity,20,72,-0.6043523426976387,0.16982831164826953,30,0.04029667071488005,19
Polity,20,73,-0.5900025539528899,0.1654920648300739,30,0.03185591091432855,19
Polity,20,74,-0.5444491780398444,0.16276459167315233,30,0.30558412277331787,19
Polity,20,75,-0.5793100238071212,0.1591791180755775,30,0.22330166511754465,19
Polity,20,76,-0.5641798402326872,0.17985848437731672,30,0.07147860042065196,19
Polity,20,77,-0.5553867190345532,0.15016312833501858,30,0.09814929588427551,19
Polity,20,78,-0.5765470622509312,0.15333427309825687,30,0.051483322211101606,19
Polity,20,79,-0.5212220941895671,0.15041098516222048,30,0.09133901812401887,19
Polity,20,80,-0.5406655440685411,0.15538884699149116,30,0.03252581412779875,19
Polity,20,81,-0.5345112941903922,0.1624486974703043,30,0.3813485547869305,19
Polity,20,82,-0.5063923514402164,0.16575496548350946,30,0.1068911963351434,19
Polity,20,83,-0.4876952269371957,0.15232106409170526,30,0.1801117926964921,19
Polity,20,84,-0.5535039326676889,0.17423276255647677,30,0.026974729023522416,19
Polity,20,85,-0.6008602517372044,0.15599607989238476,30,0.24762511660372127,19
Polity,20,86,-0.442560721960624,0.1504485084477073,30,0.22425207190606852,19
Polity,20,87,-0.5944595055648225,0.16323586600900583,30,0.03117918232677068,19
Polity,20,88,-0.5169755846507966,0.16737055271723567,30,0.04899724764201604,19
Polity,20,89,-0.5860052854263413,0.17460283121327877,30,0.11471383750998107,19
Polity,20,90,-0.5735482882611942,0.1808262754826706,30,0.011520781139945348,19
Polity,20,91,-0.520940974346062,0.15525535606105936,30,0.060242727220840404,19
Polity,20,92,-0.42627386989603533,0.14945349210599168,30,0.11907201559168192,19
Polity,20,93,-0.5076968713519578,0.15975366198935287,30,0.07573202021377697,19
Polity,20,94,-0.49199460829604913,0.14775380644498107,30,0.015369284149433147,19
Polity,20,95,-0.584401030245556,0.1777331435760796,30,0.0778457192912833,19
Polity,20,96,-0.5616772806807955,0.16592521723015743,30,0.10886072547410014,19
Polity,20,97,-0.5602035899791069,0.17571997280035134,30,0.16010878168832776,19
Polity,20,98,-0.6273292548841134,0.16118711550396372,30,0.03882233706266256,19
Polity,20,99,-0.5141136351658284,0.15911224334945148,30,0.09203172434867776,19
Polity,20,100,-0.4152655380691028,0.1406408461236087,30,0.10230040828108963,19
Polity,20,101,-0.567917553265862,0.16587612002124544,30,0.050757283637631934,19
Polity,20,102,-0.5421085223822599,0.1678191667447185,30,0.0464915776014581,19
Polity,20,103,-0.4353595327523472,0.1518200630248753,30,0.07905628275084564,19
Polity,20,104,-0.5769833683982464,0.1570639321018353,30,0.04015631879098798,19
Polity,20,105,-0.5628900895112023,0.16196660644896083,30,0.09472147873442947,19
Polity,20,106,-0.5133113827010352,0.15417902870706246,30,0.05143942642991657,19
Polity,20,107,-0.5697896487199818,0.17196297779343217,30,0.10079566580413707,19
Polity,20,108,-0.5308409043197058,0.16296551825565886,30,0.029285946470555664,19
Polity,20,109,-0.505226090924638,0.1537792996061521,30,0.09262344442227038,19
Polity,20,110,-0.5356579024603576,0.1581851419258739,30,0.43594445294770107,19
Polity,20,111,-0.4957250584453279,0.15989653026236397,30,0.15661037143455525,19
Polity,20,112,-0.543432644797905,0.16678950716468272,30,0.07749675785922504,19
Polity,20,113,-0.55325071891719,0.17738944015543456,30,0.15860139420265573,19
Polity,20,114,-0.559562627877515,0.1629146034793174,30,0.22384563892224538,19
Polity,20,115,-0.5061277650853278,0.16333373510764498,30,0.07120353850450209,19
Polity,20,116,-0.5516927582764808,0.16485509975847507,30,0.022040200378954978,19
Polity,20,117,-0.5599729077811393,0.16895263691075815,30,0.03065882956595703,19
Polity,20,118,-0.5852841955181063,0.1541927683319058,30,0.06862834669145251,19
Polity,20,119,-0.5897845464955624,0.17305412590127203,30,0.08454478177319177,19
Polity,20,120,-0.5366994064828265,0.1557426821739121,30,0.021963587834636953,19
Polity,20,121,-0.5488922418312647,0.17520888534660234,30,0.14800425771532902,19
Polity,20,122,-0.6084368816320902,0.16653065766030709,30,0.03090992303117334,19
Polity,20,123,-0.49837624249005685,0.15666741166394368,30,0.08840294183366454,19
Polity,20,124,-0.5212995075590952,0.16597725147790537,30,0.2367825511337241,19
Polity,20,125,-0.5244480722170852,0.16500203053346013,30,0.2006610691580012,19
Polity,20,126,-0.5845111572597936,0.17883061419798407,30,0.15060242552265626,19
Polity,20,127,-0.4924153859315572,0.14195021540236472,30,0.039725997372387134,19
Polity,20,128,-0.4230519465481457,0.14777203095812497,30,0.20349384849297422,19
Polity,20,129,-0.48952385422484834,0.15081982914004616,30,0.01702668893731844,19
Polity,20,130,-0.5323062689562805,0.15173352547806782,30,0.02072975008949024,19
Polity,20,131,-0.43098634532684077,0.14452245181973047,30,0.09438629434453286,19
Polity,20,132,-0.5336259766308133,0.16222404259148057,30,0.04704710515129913,19
Polity,20,133,-0.5628070387723572,0.148709059054566,30,0.06302156026339002,19
Polity,20,134,-0.4417469080765528,0.14878986269878558,30,0.008165670846752264,19
Polity,20,135,-0.46018602774376394,0.15068039650224008,30,0.1191494811025654,19
Polity,20,136,-0.5901768142782817,0.16556462160257968,30,0.090310130693902,19
Polity,20,137,-0.536478741894193,0.1638791983576073,30,0.0545774743587998,19
Polity,20,138,-0.5799649239013327,0.1642467028508018,30,0.09650567398035392,19
Polity,20,139,-0.4377726537229263,0.13853303391329644,30,0.06687616918856022,19
Polity,20,140,-0.5357650891173478,0.1589467026632757,30,0.2079360937506098,19
Polity,20,141,-0.5239342237692117,0.16620390512449323,30,0.2036956130606398,19
Polity,20,142,-0.5261709017672835,0.15258087171218115,30,0.11864897642248984,19
Polity,20,143,-0.4880089758093922,0.14632778874501817,30,0.11770459193844628,19
Polity,20,144,-0.582365801394582,0.15943908732761064,30,0.031868897539295823,19
Polity,20,145,-0.5359821185181906,0.15118589633706242,30,0.05864141676077866,19
Polity,20,146,-0.49803424054207035,0.15842756350850626,30,0.02107351547112889,19
Polity,20,147,-0.5004776300824885,0.1608093691323609,30,0.05390456455473466,19
Polity,20,148,-0.5974643072646542,0.16662022748556884,30,0.31910805038716283,19
Polity,20,149,-0.547242473667465,0.1622273031479813,30,0.05315398057504568,19
Polity,20,150,-0.5958777598272169,0.168980787556874,30,0.06850093065189398,19
Polity,20,151,-0.4559519695371619,0.1411907973593065,30,0.04228815545367379,19
Polity,20,152,-0.5200369994339091,0.14916248146706532,30,0.08145339048372596,19
Polity,20,153,-0.5309110900927374,0.1582525382466558,30,0.06467678254061264,19
Polity,20,154,-0.49961151287723204,0.16118250867173659,30,0.212545426632334,19
Polity,20,155,-0.5705809817288534,0.1611237243960655,30,0.05678945842729656,19
Polity,20,156,-0.5476621070665102,0.15950595188062244,30,0.10869113376800252,19
Polity,20,157,-0.5422888257258967,0.15928054933791505,30,0.012079584821164951,19
Polity,20,158,-0.5835481454971667,0.16201257091792304,30,0.04443102938789771,19
Polity,20,159,-0.545732316903158,0.156162941718867,30,0.06916096086132704,19
Polity,20,160,-0.5124066049584721,0.15177537974505254,30,0.46708101443339256,19
Polity,20,161,-0.4686153375526896,0.15646400546246378,30,0.018121200768647976,19
Polity,20,162,-0.5659692822116948,0.17610430881299383,30,0.03418930579327699,19
Polity,20,163,-0.4923992237902155,0.1575745858886514,30,0.035623349542022065,19
Polity,20,164,-0.4715051783952511,0.1576572696624276,30,0.07212897308636729,19
Polity,20,165,-0.5463306662587462,0.16812872711215002,30,0.0411515326770344,19
Polity,20,166,-0.4863450510235534,0.15975802272887227,30,0.12365455655135067,19
Polity,20,167,-0.5264309410215118,0.1635755256787879,30,0.22177663133449976,19
Polity,20,168,-0.526785684157983,0.16879114131445233,30,0.09442506105303967,19
Polity,20,169,-0.43972215964062844,0.14890555144581558,30,0.01890944078077854,19
Polity,20,170,-0.4591621522668392,0.1617711472999089,30,0.232967915344803,19
Polity,20,171,-0.5153883706216078,0.15549647275688197,30,0.021744142195026267,19
Polity,20,172,-0.5373562687565157,0.18100278611483267,30,0.2686231506407843,19
Polity,20,173,-0.5242149671105985,0.1637517324801447,30,0.14642027027847523,19
Polity,20,174,-0.545198887826186,0.16343816401265707,30,0.12893112006229537,19
Polity,20,175,-0.5155753431435839,0.15505381943864877,30,0.08151625131185569,19
Polity,20,176,-0.5782711724799823,0.17125425590253837,30,0.019937236900140588,19
Polity,20,177,-0.5574956720936575,0.17387149965158266,30,0.09290867949367566,19
Polity,20,178,-0.49905168071774053,0.1470797475840143,30,0.044786623757803144,19
Polity,20,179,-0.5041184529649803,0.16555028591147608,30,0.020255514818669225,19
Polity,20,180,-0.4809197556803566,0.1530156547529244,30,0.021141871697924,19
Polity,20,181,-0.5790227508360957,0.17074076785707462,30,0.11446731466066538,19
Polity,20,182,-0.5892596774342733,0.16236446989066794,30,0.057090985717582345,19
Polity,20,183,-0.5228129746600452,0.16829679167011988,30,0.11752990952871963,19
Polity,20,184,-0.5089389899942445,0.16690212564164209,30,0.051051581812593505,19
Polity,20,185,-0.5682411591420751,0.16705014647175817,30,0.08878630111892236,19
Polity,20,186,-0.5542052002894922,0.16047571346477502,30,0.02344129986272143,19
Polity,20,187,-0.5421260672178629,0.16345167435629668,30,0.04308919781692689,19
Polity,20,188,-0.5117282824611058,0.16256266315305096,30,0.06000461366647936,19
Polity,20,189,-0.47646138742241106,0.1521283827742701,30,0.02665390474746178,19
Polity,20,190,-0.569218496441958,0.16322590397308284,30,0.06250192986835147,19
Polity,20,191,-0.5441445294625282,0.17209417080728073,30,0.09584579181042109,19
Polity,20,192,-0.5418549030123163,0.16793959632545077,30,0.061191215752754,19
Polity,20,193,-0.42640671362490945,0.1442381673090444,30,0.035723043483958376,19
Polity,20,194,-0.5703386934954331,0.16414740643103196,30,0.11055989105798611,19
Polity,20,195,-0.5218560852899454,0.16811304626627377,30,0.1615266041280939,19
Polity,20,196,-0.5203665072469628,0.1600686018750529,30,0.0826948125774185,19
Polity,20,197,-0.5924257698337545,0.16394845320550072,30,0.16863643027996608,19
Polity,20,198,-0.3546129746941764,0.13173206949955252,30,0.03212123636809869,19
Polity,20,199,-0.5365619093573493,0.18204876937353684,30,0.13072491427333655,19
Polity,20,200,-0.4853536566037677,0.15581515404049326,30,0.02560861530978446,19
Polity,28,1,-0.46410429320331126,0.13893290570226252,38,0.05039235450140758,27
Polity,28,2,-0.5368423684745158,0.15591793210454838,38,0.04219534288247679,27
Polity,28,3,-0.4887343309050802,0.14064612834724066,38,0.028646170839303976,27
Polity,28,4,-0.561172286408131,0.1594906098842626,38,0.12298675994049084,27
Polity,28,5,-0.5035578041701196,0.1544731956495085,38,0.027980386825907692,27
Polity,28,6,-0.5753727525481516,0.16188265288927262,38,0.17298817899558536,27
Polity,28,7,-0.44745632414921666,0.1568421431729322,38,0.02651985970985272,27
Polity,28,8,-0.4437254565658657,0.14875625223839944,38,0.03959926559674551,27
Polity,28,9,-0.5470406496292073,0.1492787008274552,38,0.12884633422866973,27
Polity,28,10,-0.49814811212894927,0.15753817194944547,38,0.21541508910227156,27
Polity,28,11,-0.5016994406565884,0.13537193931585945,38,0.008758019488121577,27
Polity,28,12,-0.5614725882425855,0.1607868673287112,38,0.11232806386132688,27
Polity,28,13,-0.5738927076290405,0.16713038163790297,38,0.02823987501720123,27
Polity,28,14,-0.5638169061883538,0.16762382395078623,38,0.18982878441887613,27
Polity,28,15,-0.532816370476306,0.1523656137967085,38,0.06406865320298744,27
Polity,28,16,-0.41601347168837144,0.13269456406646923,38,0.042005423245803225,27
Polity,28,17,-0.4502078250833348,0.15457963513267828,38,0.046320809677485246,27
Polity,28,18,-0.519147853271178,0.14476043792946805,38,0.07032699682876449,27
Polity,28,19,-0.5126554666199601,0.15051344943434328,38,0.1680202251041042,27
Polity,28,20,-0.5256751880627868,0.15038242888586317,38,0.07041623521469464,27
Polity,28,21,-0.5492926422043789,0.1591853006619406,38,0.07236444684664313,27
Polity,28,22,-0.5660586652792281,0.1583772573964927,38,0.356714228254188,27
Polity,28,23,-0.6230777516318513,0.162370872782092,38,0.0531652106148512,27
Polity,28,24,-0.547177389619188,0.16295587309205248,38,0.19511395342822557,27
Polity,28,25,-0.5316747525504768,0.14806892101216385,38,0.020906357501802583,27
Polity,28,26,-0.48781573509726783,0.1569165597135939,38,0.03441366756534109,27
Polity,28,27,-0.5214528438887904,0.15395490550468655,38,0.03385938195994775,27
Polity,28,28,-0.6073423890995819,0.16927754220858507,38,0.21545113752869618,27
Polity,28,29,-0.48350159762375,0.1506372525068146,38,0.08008911477513728,27
Polity,28,30,-0.528346304349518,0.14916409662620264,38,0.05717104023793727,27
Polity,28,31,-0.4327374876419996,0.13943417585170756,38,0.05269166560574268,27
Polity,28,32,-0.5664767265079167,0.1611752789017964,38,0.13310633013826945,27
Polity,28,33,-0.5049933503823651,0.1498916059855897,38,0.02345266320182632,27
Polity,28,34,-0.4871660503483253,0.14792871572661578,38,0.2193921931152734,27
Polity,28,35,-0.5276861931220527,0.14684252828242078,38,0.2481260333907173,27
Polity,28,36,-0.47480927536801865,0.1576946982014589,38,0.028256012135286373,27
Polity,28,37,-0.5573020424631823,0.1553473320922802,38,0.22895909535243159,27
Polity,28,38,-0.4878311302641558,0.13666845127929766,38,0.016076682579843845,27
Polity,28,39,-0.46647571788313513,0.14933470715158564,38,0.012035200773106769,27
Polity,28,40,-0.48663929834657704,0.15409005328634592,38,0.06351267089446863,27
Polity,28,41,-0.3680779735262698,0.13518136209252268,38,0.027807210181140327,27
Polity,28,42,-0.49673484576727667,0.14425783066722472,38,0.049079979579129025,27
Polity,28,43,-0.4618252755853396,0.15507021230096277,38,0.060036851881522454,27
Polity,28,44,-0.4905987890675414,0.15670909277533257,38,0.12640408531282213,27
Polity,28,45,-0.48560489372152826,0.15325139458828924,38,0.2632990562325496,27
Polity,28,46,-0.548660300019999,0.16952321853311592,38,0.107216396731105,27
Polity,28,47,-0.4536084939697975,0.1416831177240342,38,0.28621204689315877,27
Polity,28,48,-0.47942280764940737,0.15501129867601743,38,0.18088035441521358,27
Polity,28,49,-0.5098407726150587,0.15570256664198442,38,0.13914025191254498,27
Polity,28,50,-0.527946293200559,0.1535042099552835,38,0.019664615016999756,27
Polity,28,51,-0.5154071786521826,0.1489952978903851,38,0.06647380146033587,27
Polity,28,52,-0.49019160738212886,0.15714786170605627,38,0.06724654858084081,27
Polity,28,53,-0.5219358557253031,0.1631104871360559,38,0.12161528723957826,27
Polity,28,54,-0.40380999603643675,0.13479596018241974,38,0.08333188610451409,27
Polity,28,55,-0.5385831287992415,0.1542438296409703,38,0.049392984668105586,27
Polity,28,56,-0.550293977384495,0.15608361018862,38,0.1448137587875099,27
Polity,28,57,-0.5051668971730923,0.1583077623713208,38,0.06780763470785679,27
Polity,28,58,-0.46280087464589936,0.13518053200284225,38,0.07428873487730651,27
Polity,28,59,-0.525180549551977,0.14643913223745744,38,0.0069085872387515766,27
Polity,28,60,-0.4423118531987402,0.14039736392299118,38,0.03138015372986389,27
Polity,28,61,-0.47437195445353364,0.14324272418450382,38,0.14455657533180732,27
Polity,28,62,-0.4872545323658213,0.1480578628893816,38,0.14145714287586272,27
Polity,28,63,-0.5165391257129759,0.14000098018560964,38,0.17051674100676492,27
Polity,28,64,-0.5169777382113221,0.1474972619090642,38,0.06705033883608837,27
Polity,28,65,-0.5143791680900147,0.15278302672845478,38,0.054925809755662296,27
Polity,28,66,-0.519174830745178,0.1640139185882805,38,0.07302767783833407,27
Polity,28,67,-0.5458666817814626,0.16491516568695655,38,0.2120674011631358,27
Polity,28,68,-0.48590649659918395,0.14245353480610634,38,0.06628159341902329,27
Polity,28,69,-0.5563045949017225,0.15833130279743152,38,0.1727643001605823,27
Polity,28,70,-0.49442362150790853,0.1434679494423559,38,0.09614227914355361,27
Polity,28,71,-0.44029686673455615,0.144713376702035,38,0.04100729011969928,27
Polity,28,72,-0.5054554012555532,0.14968948504347804,38,0.26084137752120234,27
Polity,28,73,-0.5332094214645942,0.15588056235100506,38,0.08251972713835748,27
Polity,28,74,-0.5654856593231106,0.15377295727917298,38,0.036426326627366806,27
Polity,28,75,-0.5185895839794927,0.14917895942047435,38,0.07632543427822926,27
Polity,28,76,-0.4816596004544289,0.16160022438581023,38,0.041899684209968674,27
Polity,28,77,-0.4822365843539975,0.14233694295740876,38,0.17396869196048836,27
Polity,28,78,-0.4228846624037472,0.13243664723270582,38,0.06559796234005458,27
Polity,28,79,-0.47503601717180466,0.14963417403458157,38,0.05521450444271651,27
Polity,28,80,-0.5101546345893704,0.14571389403147267,38,0.23321994530377035,27
Polity,28,81,-0.46593754452962965,0.14129657414810956,38,0.14401338675316078,27
Polity,28,82,-0.4165959331268354,0.1400853683413504,38,0.04549467917084907,27
Polity,28,83,-0.506664857560092,0.14461252949612807,38,0.2378214990661475,27
Polity,28,84,-0.5423665215705267,0.1627116852949287,38,0.04645608180681523,27
Polity,28,85,-0.45445686188906365,0.14385290455832694,38,0.2600932680002233,27
Polity,28,86,-0.47570973254961846,0.12719770691983295,38,0.06932302566222828,27
Polity,28,87,-0.4644872216575604,0.14729038670710923,38,0.1388831466484194,27
Polity,28,88,-0.49889841091926534,0.1571062010963984,38,0.1560888592037534,27
Polity,28,89,-0.5590799911453139,0.16253300664372497,38,0.02941866918583163,27
Polity,28,90,-0.5407834321510192,0.17252237920864782,38,0.26194144971240274,27
Polity,28,91,-0.48577068898890197,0.1430139551707663,38,0.04418864297491781,27
Polity,28,92,-0.48907703273162495,0.14763115645593541,38,0.36346525328278484,27
Polity,28,93,-0.6353370235214504,0.17182844318894197,38,0.16358789684811198,27
Polity,28,94,-0.5327115291422357,0.1489895632714982,38,0.11504317911741659,27
Polity,28,95,-0.6457542285717901,0.17457476390382876,38,0.21419267669226036,27
Polity,28,96,-0.5688808607634117,0.15213191640379278,38,0.05431499152821505,27
Polity,28,97,-0.5933624713164516,0.15569524014080557,38,0.05640294961469487,27
Polity,28,98,-0.5075932859854113,0.1497741614815947,38,0.032255972092934716,27
Polity,28,99,-0.44433835876493166,0.1429114007901962,38,0.07491350618989988,27
Polity,28,100,-0.5634639058199022,0.16297116169948944,38,0.0718380446531464,27
Polity,28,101,-0.5847670084188019,0.17812285715512088,38,0.29504160620757874,27
Polity,28,102,-0.48703523803932125,0.15446629128121256,38,0.18028839968263863,27
Polity,28,103,-0.4492140899475383,0.14674405839622326,38,0.05597071114459297,27
Polity,28,104,-0.5157532088292927,0.15612597872714767,38,0.0051153523170052295,27
Polity,28,105,-0.44048685985419667,0.13630599416022043,38,0.13300251570094912,27
Polity,28,106,-0.3952244277721295,0.12641324706035204,38,0.006251518135309099,27
Polity,28,107,-0.49548762502085797,0.14851830649498077,38,0.04030455603415656,27
Polity,28,108,-0.44679870373276565,0.1234806245015185,38,0.0617535162588099,27
Polity,28,109,-0.5443033926050544,0.1542439104990863,38,0.036118770578606456,27
Polity,28,110,-0.495546895535921,0.14646205502710952,38,0.12204966379991083,27
Polity,28,111,-0.513067934021942,0.14270634870650076,38,0.07342408596653616,27
Polity,28,112,-0.5191717308025741,0.15465328776181714,38,0.1401085248482375,27
Polity,28,113,-0.5062927370524593,0.16186672831091223,38,0.04766331294809203,27
Polity,28,114,-0.4832616231136546,0.14216373335877006,38,0.27747815964351413,27
Polity,28,115,-0.5152389909874637,0.15066666177646035,38,0.06493631433952504,27
Polity,28,116,-0.5027574939158761,0.14475722054815973,38,0.07382242026781012,27
Polity,28,117,-0.5344894928120807,0.16004037653743594,38,0.09043116363326469,27
Polity,28,118,-0.441446093070641,0.14551649656572677,38,0.15601254415931737,27
Polity,28,119,-0.5481793118943994,0.16639303914650713,38,0.028546122425254256,27
Polity,28,120,-0.4596284942131428,0.14876670266934863,38,0.1316597703864588,27
Polity,28,121,-0.4825425686032956,0.1501574656273513,38,0.27731984464615816,27
Polity,28,122,-0.5201229275002746,0.16089478234668525,38,0.09287378000326059,27
Polity,28,123,-0.44898962432952727,0.1451721851536059,38,0.11554628763671762,27
Polity,28,124,-0.5298408516464077,0.15461696218833007,38,0.060199812557528744,27
Polity,28,125,-0.5204138316361235,0.1551913026931638,38,0.0652533868546485,27
Polity,28,126,-0.507489399645856,0.15938490947322495,38,0.075694854458448,27
Polity,28,127,-0.5546571627671959,0.16601423942800653,38,0.0874677916194471,27
Polity,28,128,-0.4696187419563129,0.14638012426262037,38,0.08560646050627914,27
Polity,28,129,-0.5104863206635519,0.167688501759807,38,0.058081797026725605,27
Polity,28,130,-0.56946960941025,0.160245700547039,38,0.2453287081006698,27
Polity,28,131,-0.4090815596609154,0.12803865657669372,38,0.010263019622430003,27
Polity,28,132,-0.5819872159969117,0.15845633413015406,38,0.02868056388966938,27
Polity,28,133,-0.6198819645980063,0.16557034270324797,38,0.1813666946460161,27
Polity,28,134,-0.5231721973041132,0.14605210906977595,38,0.14511995425236385,27
Polity,28,135,-0.5577318736856816,0.16504714805882018,38,0.10776945426861465,27
Polity,28,136,-0.5468752422604126,0.15518107528984704,38,0.010979588305932857,27
Polity,28,137,-0.5321129429372284,0.15026468647103053,38,0.07568305419901783,27
Polity,28,138,-0.490740001689431,0.16161760962733973,38,0.050511320242604275,27
Polity,28,139,-0.5824833903675408,0.1705103300340673,38,0.06274983782056952,27
Polity,28,140,-0.5255734891962858,0.15368836780581843,38,0.14920376240149277,27
Polity,28,141,-0.5138200459680657,0.14991743191015092,38,0.028402995869047123,27
Polity,28,142,-0.49678726062764333,0.14951453992416536,38,0.05071766230994964,27
Polity,28,143,-0.440109232921178,0.13811483801021654,38,0.06462647462894965,27
Polity,28,144,-0.578489855920985,0.1731646454751801,38,0.19990442109024018,27
Polity,28,145,-0.4317328393170641,0.14155608039515238,38,0.024023834459040612,27
Polity,28,146,-0.4989840311263585,0.15375601834388442,38,0.13556394860036786,27
Polity,28,147,-0.4629731717080183,0.1512107482207428,38,0.04046617056691896,27
Polity,28,148,-0.5547562065276237,0.1639740853198798,38,0.15416140720907157,27
Polity,28,149,-0.4259966419445811,0.15171672215858123,38,0.1848919307676227,27
Polity,28,150,-0.5139989515250347,0.16404741831645642,38,0.2018895942555682,27
Polity,28,151,-0.5393830561992168,0.15459709393058527,38,0.10806409606495355,27
Polity,28,152,-0.5904360326910227,0.16169173739184234,38,0.021939207946700404,27
Polity,28,153,-0.427097938456809,0.1351197971126494,38,0.05316694965111594,27
Polity,28,154,-0.5317064579431579,0.16679238846739858,38,0.06179588605687571,27
Polity,28,155,-0.48794071172639075,0.15335099578143915,38,0.022951992522277843,27
Polity,28,156,-0.5801290076273515,0.15925624097152594,38,0.0609954777739649,27
Polity,28,157,-0.5501956550667098,0.1553638981180536,38,0.08217811874044693,27
Polity,28,158,-0.4687823200942791,0.16193338213448405,38,0.059843457041661205,27
Polity,28,159,-0.5414716205441144,0.16493874444416767,38,0.1723638666190998,27
Polity,28,160,-0.4091326136711513,0.13861965910490995,38,0.009530977973782863,27
Polity,28,161,-0.4823037865213111,0.15057553440431065,38,0.04695095623714963,27
Polity,28,162,-0.4874401887371924,0.13957550691376253,38,0.05980743920088481,27
Polity,28,163,-0.525540728994442,0.1441524030591269,38,0.284264521610084,27
Polity,28,164,-0.4744142557694424,0.14789983846232904,38,0.031224460344661416,27
Polity,28,165,-0.49199760089018163,0.14449073144858665,38,0.08568017546786974,27
Polity,28,166,-0.5611533663362813,0.1640887303907534,38,0.05125682125612115,27
Polity,28,167,-0.5631688245317585,0.16717910046202392,38,0.3196017042741199,27
Polity,28,168,-0.5548923573623314,0.1557171388358335,38,0.014163249349630171,27
Polity,28,169,-0.43147950966638593,0.15089228911154381,38,0.019022831597707002,27
Polity,28,170,-0.4450210923505358,0.13698939282027892,38,0.01526787663168953,27
Polity,28,171,-0.49488982960782657,0.1449463074583346,38,0.1016318124197971,27
Polity,28,172,-0.5074849195947229,0.14693290024957076,38,0.04121216732509026,27
Polity,28,173,-0.5661440513292142,0.1621092562666523,38,0.10251890580793209,27
Polity,28,174,-0.5680171831696779,0.16662179803998595,38,0.06874769560338743,27
Polity,28,175,-0.3526254900718504,0.12730380988219175,38,0.05804055725007697,27
Polity,28,176,-0.5395568368817969,0.14964105865173186,38,0.13129007551042787,27
Polity,28,177,-0.5636122538301933,0.15614409543776864,38,0.14262075495668158,27
Polity,28,178,-0.5564776632355031,0.15859879867405147,38,0.09984721677374674,27
Polity,28,179,-0.44823340326677075,0.14034556674999435,38,0.0739072652419659,27
Polity,28,180,-0.43833131553934646,0.13849391375209572,38,0.07342330651762681,27
Polity,28,181,-0.6274696194746765,0.17053893257255665,38,0.29842799540703663,27
Polity,28,182,-0.5000263760572068,0.15661317655194076,38,0.07923974880193713,27
Polity,28,183,-0.5409616835221955,0.1596969676014982,38,0.2547625939317289,27
Polity,28,184,-0.519957530295156,0.1472175232630794,38,0.20818560502177114,27
Polity,28,185,-0.5644487915393617,0.15806548386874955,38,0.03861287369684758,27
Polity,28,186,-0.5613792585527291,0.15912210678144853,38,0.1555825028047488,27
Polity,28,187,-0.5316141468704805,0.16512253129650786,38,0.0559591065930909,27
Polity,28,188,-0.5916201733614095,0.16686902532302575,38,0.07336559085673627,27
Polity,28,189,-0.5176699472325215,0.1418905788302333,38,0.09001738068417646,27
Polity,28,190,-0.48313281793382146,0.14083954004540084,38,0.19532458218896684,27
Polity,28,191,-0.4611443595760405,0.15114267289388772,38,0.2002723769478757,27
Polity,28,192,-0.5653270880647767,0.17114991204888544,38,0.10055460994626615,27
Polity,28,193,-0.46616809641771173,0.14225319400427505,38,0.035171445930900366,27
Polity,28,194,-0.5089056429610443,0.1483712751434036,38,0.03469240397635899,27
Polity,28,195,-0.41714084450996003,0.13825217228299758,38,0.05213138451526645,27
Polity,28,196,-0.482431265704375,0.1434602129988373,38,0.0082212121472862755,27
Polity,28,197,-0.4517540720020179,0.14036871608314927,38,0.09191932325637281,27
Polity,28,198,-0.5232422575956184,0.14544891391434803,38,0.10536513080829327,27
Polity,28,199,-0.5257005460448951,0.1566412783171687,38,0.05622990303252088,27
Polity,28,200,-0.3859556572182834,0.13108867338524222,38,0.19402731777071613,27
Polity,36,1,-0.5085499517298948,0.16569906863839137,46,0.06161573117002922,35
Polity,36,2,-0.47157195095296967,0.14393598885731998,46,0.021489224532069966,35
Polity,36,3,-0.5899670488225155,0.16466707132416233,46,0.17174160417891537,35
Polity,36,4,-0.421114764613272,0.14358479047630573,46,0.03002920093976078,35
Polity,36,5,-0.3629873161834043,0.1361988583309274,46,0.021726964494690908,35
Polity,36,6,-0.41948505029974825,0.1286747180423397,46,0.05563450190604721,35
Polity,36,7,-0.43965274202410276,0.1347683689334749,46,0.019714276076994323,35
Polity,36,8,-0.5078703855795705,0.16247976966822744,46,0.08545702761495456,35
Polity,36,9,-0.3866788057794466,0.133804896889775,46,0.2157438003962618,35
Polity,36,10,-0.5427855601081415,0.16465926624346355,46,0.07722789659515876,35
Polity,36,11,-0.4106724410614646,0.13208276237169872,46,0.10171272390904045,35
Polity,36,12,-0.5424971610277391,0.15416642403394396,46,0.2929475368197453,35
Polity,36,13,-0.5046959664860067,0.14206463629122718,46,0.08265295591468176,35
Polity,36,14,-0.49293699834916804,0.1396235416720051,46,0.16657645048823091,35
Polity,36,15,-0.5129980659501636,0.15356227834534664,46,0.019017979875246848,35
Polity,36,16,-0.45840652935545556,0.13813194184227964,46,0.149804447921559,35
Polity,36,17,-0.535655451187512,0.16368953718841664,46,0.10854112572983576,35
Polity,36,18,-0.4665554967044834,0.14387915998453393,46,0.08220526551994425,35
Polity,36,19,-0.3480314310473469,0.11887276145826632,46,0.048196010597491394,35
Polity,36,20,-0.4871895552064993,0.14659629380341546,46,0.030660860576635057,35
Polity,36,21,-0.40710550554562497,0.1357597416730105,46,0.09844201393647906,35
Polity,36,22,-0.4541342547214344,0.132028682057186,46,0.02995424753183209,35
Polity,36,23,-0.48341203142051503,0.1474893106659973,46,0.017444296257016087,35
Polity,36,24,-0.5207037029304242,0.15532866384867278,46,0.033667464474399215,35
Polity,36,25,-0.4770802815015003,0.1476949106027431,46,0.017627929368061464,35
Polity,36,26,-0.4010551658684891,0.13477860872530156,46,0.07549950160408592,35
Polity,36,27,-0.49820318063632785,0.14538102708125494,46,0.09813504296479714,35
Polity,36,28,-0.5342187753026106,0.159188497971257,46,0.02277923957770655,35
Polity,36,29,-0.46833407925768933,0.15591767271440454,46,0.05182768735193065,35
Polity,36,30,-0.5247318790223927,0.15266045304435763,46,0.10987899465510809,35
Polity,36,31,-0.38993446463334003,0.14506676212982844,46,0.0690824655327498,35
Polity,36,32,-0.5142085368272409,0.14936895514096563,46,0.09840633854886177,35
Polity,36,33,-0.5218471019217468,0.14771789264053803,46,0.11676052000249221,35
Polity,36,34,-0.459155545412274,0.15004594866441565,46,0.06949501369244528,35
Polity,36,35,-0.464807837300405,0.14342368305885206,46,0.013352625622676527,35
Polity,36,36,-0.47556012844034345,0.14486641816783274,46,0.1216983263870155,35
Polity,36,37,-0.38575002112167667,0.12364987238623074,46,0.11099388610033796,35
Polity,36,38,-0.3528454349362242,0.12588628863503,46,0.07633537300203896,35
Polity,36,39,-0.4336920774267612,0.14492938202512556,46,0.047321338851349454,35
Polity,36,40,-0.43032505802089505,0.12694364252461438,46,0.045133889829703344,35
Polity,36,41,-0.37985312532349846,0.12332408575329958,46,0.00865851090910766,35
Polity,36,42,-0.32785779264516446,0.12439285740227309,46,0.05359959706356977,35
Polity,36,43,-0.3322809072715791,0.12905301118084275,46,0.0375803051486074,35
Polity,36,44,-0.40541148073022937,0.12999001894806975,46,0.01759204270026163,35
Polity,36,45,-0.5231358934632362,0.15686491366623787,46,0.04026089173043578,35
Polity,36,46,-0.33014520947915704,0.12278589075257798,46,0.033363210583141456,35
Polity,36,47,-0.37991178963332306,0.13104520262520186,46,0.09291657835814049,35
Polity,36,48,-0.5129760004943034,0.1524868265090402,46,0.1084044233941987,35
Polity,36,49,-0.4383734415308904,0.13567809901224234,46,0.08637431288737357,35
Polity,36,50,-0.40489501578568143,0.12936873604432528,46,0.09095084939945429,35
Polity,36,51,-0.4082625345671449,0.13010687541587063,46,0.012533869445202527,35
Polity,36,52,-0.4185740120501471,0.1332921698824319,46,0.0438840084620403,35
Polity,36,53,-0.3750226765942517,0.12287599597721513,46,0.17522582601659198,35
Polity,36,54,-0.42900812469744176,0.1416527448289538,46,0.06348154554552635,35
Polity,36,55,-0.5132666178527483,0.155859690070797,46,0.015757367730604828,35
Polity,36,56,-0.4186901834449088,0.1346483868780143,46,0.11232264420635536,35
Polity,36,57,-0.6143899558661499,0.17129314115800762,46,0.05774199806960169,35
Polity,36,58,-0.3762692793290663,0.12708845360807047,46,0.20317937509782877,35
Polity,36,59,-0.38460258299456784,0.12519217247970454,46,0.11202024785858176,35
Polity,36,60,-0.5022601069592021,0.1487607948003351,46,0.008605328456679011,35
Polity,36,61,-0.42416416858684736,0.1305798137665413,46,0.13664532639175866,35
Polity,36,62,-0.5270923165558914,0.15146160637891307,46,0.08069565019159815,35
Polity,36,63,-0.42981118854627587,0.1394821021236644,46,0.05315316596243047,35
Polity,36,64,-0.49960645672392356,0.14750507130256518,46,0.03702541170395374,35
Polity,36,65,-0.4804904665891532,0.14372226058643806,46,0.011202049458858655,35
Polity,36,66,-0.41161049228906776,0.13433711435540915,46,0.07917062139573022,35
Polity,36,67,-0.45418774471023937,0.13576544039794175,46,0.05472490459146509,35
Polity,36,68,-0.530509570005671,0.15313138161992712,46,0.22321421571759623,35
Polity,36,69,-0.47728549393872965,0.13907463858156296,46,0.024910944758415335,35
Polity,36,70,-0.49332311563179054,0.14986518356147385,46,0.13394327211103743,35
Polity,36,71,-0.48056796877923613,0.14094683727547805,46,0.0442765647921831,35
Polity,36,72,-0.4374453068242312,0.14490858888039765,46,0.08813452924902487,35
Polity,36,73,-0.41656394254609985,0.13818814980893795,46,0.02835639855618983,35
Polity,36,74,-0.4473935126552968,0.13939825931217403,46,0.07133486703791182,35
Polity,36,75,-0.392224258115605,0.12825701071296802,46,0.009931511765529281,35
Polity,36,76,-0.5062728225971931,0.14921104111261202,46,0.03002798022343415,35
Polity,36,77,-0.4926191255223835,0.1452547091830146,46,0.03914860645893403,35
Polity,36,78,-0.4006604792969517,0.12997289213413793,46,0.09148904884231165,35
Polity,36,79,-0.5256200591800253,0.1521744861361217,46,0.04986348151142927,35
Polity,36,80,-0.5287594485621172,0.14574017308443357,46,0.07076419355361895,35
Polity,36,81,-0.4633847504473789,0.14001623477239583,46,0.07443068047708484,35
Polity,36,82,-0.4858330121631167,0.1462413759210541,46,0.02994661540555416,35
Polity,36,83,-0.5106953505164982,0.16103062527280845,46,0.008978813184889361,35
Polity,36,84,-0.34176779017685766,0.12959801289133077,46,0.04406284408504314,35
Polity,36,85,-0.5046270457545456,0.14216902220799174,46,0.05261800680638096,35
Polity,36,86,-0.45057844880778974,0.15023650111026787,46,0.010395892606041585,35
Polity,36,87,-0.3941123633105543,0.14608541472552009,46,0.0060673534150401404,35
Polity,36,88,-0.3631300656459229,0.1375889759299218,46,0.07942967876381399,35
Polity,36,89,-0.4849197954047457,0.14460371795932522,46,0.05865245328665149,35
Polity,36,90,-0.44777149082233647,0.14605593478503703,46,0.01855223987178213,35
Polity,36,91,-0.4940019651826346,0.14548344757597356,46,0.13967717111245184,35
Polity,36,92,-0.4992218174953247,0.15203689487665367,46,0.12430871084481401,35
Polity,36,93,-0.4801363150551148,0.15028641897336242,46,0.09724318629651023,35
Polity,36,94,-0.4295037791685732,0.13940480797907448,46,0.05322668381817306,35
Polity,36,95,-0.46474321906617444,0.14526765699193253,46,0.07474525186680575,35
Polity,36,96,-0.4913097764089298,0.1459199117421136,46,0.045529007254021724,35
Polity,36,97,-0.4012222725646146,0.1346875102836076,46,0.03406619470022759,35
Polity,36,98,-0.3850564535619698,0.1257461481642145,46,0.0897310408631726,35
Polity,36,99,-0.39482523342792497,0.1236064893386568,46,0.07938876015260828,35
Polity,36,100,-0.309549273014996,0.12610643099278732,46,0.01980580467130917,35
Polity,36,101,-0.43779997046008123,0.15185972270205111,46,0.2453878175603003,35
Polity,36,102,-0.36242636164905395,0.12788038700736337,46,0.09712158063896227,35
Polity,36,103,-0.4591823972751996,0.14415131874014836,46,0.011637336174749564,35
Polity,36,104,-0.4972566100534985,0.15225827929552282,46,0.02353614957326477,35
Polity,36,105,-0.5035421791009771,0.14297141402717845,46,0.11825566090682693,35
Polity,36,106,-0.3994399724515856,0.14140555890829284,46,0.08193120568637277,35
Polity,36,107,-0.37936992486801246,0.1338302006247136,46,0.07222693268646171,35
Polity,36,108,-0.4283065575886611,0.13163527864180663,46,0.04222167893507131,35
Polity,36,109,-0.36909931250358685,0.13520901521433443,46,0.17454316385398316,35
Polity,36,110,-0.49445414188958203,0.14470633124876445,46,0.04785473692878923,35
Polity,36,111,-0.4709936043271874,0.13319895559159384,46,0.06204044147796706,35
Polity,36,112,-0.41573158613630445,0.130446396677455,46,0.044732313364196474,35
Polity,36,113,-0.48140527238801845,0.14014471625703667,46,0.0059215601427523735,35
Polity,36,114,-0.5124108411447517,0.1489179796875926,46,0.058235240248670384,35
Polity,36,115,-0.5231120017662696,0.15077473653445522,46,0.028859127755978434,35
Polity,36,116,-0.4412748648270779,0.1372153458196912,46,0.025727402211226713,35
Polity,36,117,-0.5369669929639058,0.15281404783982666,46,0.24513080588241315,35
Polity,36,118,-0.5638227641435933,0.16253566360139804,46,0.020861990040904752,35
Polity,36,119,-0.39301100570562575,0.12972137753570298,46,0.009079877540607816,35
Polity,36,120,-0.5040885526206753,0.14616902722495778,46,0.007161934165323526,35
Polity,36,121,-0.4355697347151555,0.1401071318013261,46,0.08160718277499598,35
Polity,36,122,-0.44138589185921395,0.14162201013529652,46,0.16512830369081824,35
Polity,36,123,-0.48656418323438766,0.14513768378029426,46,0.11176740727108175,35
Polity,36,124,-0.3495555499496228,0.13437682730597494,46,0.045562865500208286,35
Polity,36,125,-0.5383805744109584,0.15372056200919093,46,0.0334515687609626,35
Polity,36,126,-0.3877634471828433,0.13191818678125186,46,0.024489907969636897,35
Polity,36,127,-0.3210295712187947,0.12665786887955774,46,0.02235000524470495,35
Polity,36,128,-0.3946135478630315,0.1439526021559302,46,0.057040912491876226,35
Polity,36,129,-0.36359871151966416,0.1256146586579782,46,0.021758867637637763,35
Polity,36,130,-0.4122171339703229,0.1311266232799154,46,0.11560867057609996,35
Polity,36,131,-0.35484683337870715,0.12883190221275137,46,0.05715279096191524,35
Polity,36,132,-0.5190473988220448,0.15032400212327318,46,0.1596161446587737,35
Polity,36,133,-0.5630056713393312,0.15879335598726516,46,0.08655681250710207,35
Polity,36,134,-0.5148609612229973,0.15815092772345776,46,0.15671235961886498,35
Polity,36,135,-0.6010280531991121,0.163342698448063,46,0.12885192314205898,35
Polity,36,136,-0.44000660701179184,0.13763305682396818,46,0.016962804423149975,35
Polity,36,137,-0.3399225176272336,0.12751074016223157,46,0.020946043914501784,35
Polity,36,138,-0.49066508850944635,0.1499697535263393,46,0.04801227777376075,35
Polity,36,139,-0.514761368772684,0.14687712267209416,46,0.1722315574605704,35
Polity,36,140,-0.542604154339366,0.1712546729600773,46,0.04252888576738647,35
Polity,36,141,-0.5222612320311382,0.1468140762331047,46,0.035969403998246906,35
Polity,36,142,-0.32360436814848503,0.13211831376288102,46,0.044475747864974755,35
Polity,36,143,-0.48733735378723164,0.1557144354247021,46,0.04013597111609387,35
Polity,36,144,-0.5461426866927486,0.16306894796080165,46,0.0795461580051799,35
Polity,36,145,-0.44573713485302235,0.13608582206664455,46,0.11553940786785476,35
Polity,36,146,-0.41794288617044373,0.13589261304935896,46,0.04270166459419181,35
Polity,36,147,-0.41933248412520197,0.1421974445865693,46,0.016183165469979773,35
Polity,36,148,-0.40455475311332334,0.12746176430563583,46,0.04240846100367939,35
Polity,36,149,-0.43746641644109063,0.13920324489296146,46,0.028592808395193618,35
Polity,36,150,-0.4934646081770935,0.1432899121033745,46,0.05907515189107869,35
Polity,36,151,-0.5137447207599508,0.14573542986304097,46,0.06572139074444959,35
Polity,36,152,-0.5365126480150608,0.16115039020723793,46,0.137631088062339,35
Polity,36,153,-0.36440190758981617,0.13088612131823812,46,0.026371741598582184,35
Polity,36,154,-0.5077849036241844,0.15036847828324296,46,0.042264830573370604,35
Polity,36,155,-0.3848815761112654,0.13234514101598552,46,0.0798233196686886,35
Polity,36,156,-0.4053533279212287,0.12878513736281352,46,0.018066606453763293,35
Polity,36,157,-0.4375498626028227,0.13675664697889534,46,0.02045661903519593,35
Polity,36,158,-0.4192625601539812,0.1365250287224966,46,0.0490024622112208,35
Polity,36,159,-0.4942998322807637,0.14611009607863984,46,0.13388618389161888,35
Polity,36,160,-0.4349727054467234,0.12840166385689905,46,0.06562580933341258,35
Polity,36,161,-0.4162677896694267,0.13713766999110788,46,0.20445746369204612,35
Polity,36,162,-0.4859328104574079,0.14938259712018598,46,0.04497297975070786,35
Polity,36,163,-0.39166956709551703,0.12614829190109078,46,0.21765956488151023,35
Polity,36,164,-0.4746540609197827,0.1502066371149374,46,0.028261175329912645,35
Polity,36,165,-0.4868795048734076,0.15965738512487568,46,0.03375754364013773,35
Polity,36,166,-0.5208132665620373,0.15000491863321633,46,0.041992382390919666,35
Polity,36,167,-0.4554925307527551,0.140349875465701,46,0.0050387203728633895,35
Polity,36,168,-0.41326560064578377,0.13374823273307426,46,0.018183867725308576,35
Polity,36,169,-0.5027044560407554,0.15440706472340016,46,0.14995633345035111,35
Polity,36,170,-0.34898013184758625,0.12672336748339483,46,0.036505806213288666,35
Polity,36,171,-0.43787301889401586,0.1445144347837148,46,0.010225775341506552,35
Polity,36,172,-0.5405394234333687,0.14749702315620544,46,0.129745062163198,35
Polity,36,173,-0.4924238037320241,0.1417377082336047,46,0.044324164948900124,35
Polity,36,174,-0.5075494855888953,0.14642609397390866,46,0.06797183318702972,35
Polity,36,175,-0.3716416607102695,0.12667367552440212,46,0.020055534343761876,35
Polity,36,176,-0.4842212024664274,0.14622365770510057,46,0.02113353067533142,35
Polity,36,177,-0.4618305010608279,0.15145205975318926,46,0.02851604250087227,35
Polity,36,178,-0.4539526596262853,0.1363012459275299,46,0.1321466821513363,35
Polity,36,179,-0.39521806997738107,0.13714114214787643,46,0.021497532704941986,35
Polity,36,180,-0.38698383055369057,0.13744213683811,46,0.06421802488539582,35
Polity,36,181,-0.4550355448171417,0.13268166992902894,46,0.06904985224482105,35
Polity,36,182,-0.4414319345738029,0.13937005417552234,46,0.06942994105097733,35
Polity,36,183,-0.40303913398469415,0.13290630909380427,46,0.05322393607865664,35
Polity,36,184,-0.38612451778759604,0.1397516993488316,46,0.05496864441777332,35
Polity,36,185,-0.40695000696725625,0.14123292771527018,46,0.06652425288658448,35
Polity,36,186,-0.47050387179662767,0.1376827146089667,46,0.03211865623012883,35
Polity,36,187,-0.31797791602297387,0.12962149612599053,46,0.06264279068743837,35
Polity,36,188,-0.45979787051241017,0.1415459969112096,46,0.11491299282749845,35
Polity,36,189,-0.4072757566492813,0.13066036495693367,46,0.048723867991095016,35
Polity,36,190,-0.5046155731806667,0.15049200468410273,46,0.0452509577566972,35
Polity,36,191,-0.43801753588943537,0.1329111077128934,46,0.05692177758349241,35
Polity,36,192,-0.47788245721264966,0.14119238266814854,46,0.03508913489649825,35
Polity,36,193,-0.5253156242816535,0.15900998273911732,46,0.10040968717712467,35
Polity,36,194,-0.4530989566924353,0.1356266980819412,46,0.038036038980340255,35
Polity,36,195,-0.3602500167232967,0.12404377635974927,46,0.12476196754470896,35
Polity,36,196,-0.5018800251020772,0.15134168352123353,46,0.08276767974576735,35
Polity,36,197,-0.49107565223023775,0.14580869031340377,46,0.043188371026614075,35
Polity,36,198,-0.5046306356808428,0.15397248425861965,46,0.04403437948908594,35
Polity,36,199,-0.4778270005190972,0.140166574607722,46,0.034455948073122494,35
Polity,36,200,-0.4193868300098451,0.1359307804469955,46,0.16230111790602436,35
Polity,44,1,-0.34676639182328506,0.1293116736264184,54,0.02793242718096521,43
Polity,44,2,-0.35556113306105264,0.12936666298479912,54,0.02784365235190769,43
Polity,44,3,-0.3562957133503688,0.12975816308590954,54,0.0300194178373687,43
Polity,44,4,-0.351078332912262,0.12750128803916602,54,0.027904136489966536,43
Polity,44,5,-0.36236674210884745,0.1315957424088936,54,0.04634464609250428,43
Polity,44,6,-0.3652221189440521,0.130169100448895,54,0.030153859847421777,43
Polity,44,7,-0.36236674210884745,0.1315957424088936,54,0.04634464609250428,43
Polity,44,8,-0.34686196930074065,0.12663868925478297,54,0.027785662473946194,43
Polity,44,9,-0.35182582493680403,0.12629185727856598,54,0.028618473120235275,43
Polity,44,10,-0.3401827083828959,0.12579429124275412,54,0.030795471006237328,43
Polity,44,11,-0.35107973533316583,0.13028898943684372,54,0.027661399446714897,43
Polity,44,12,-0.3800341422547602,0.12352837510687058,54,0.028890226518055073,43
Polity,44,13,-0.36163077189332427,0.12814307449927936,54,0.05297911413266601,43
Polity,44,14,-0.35490063618225953,0.1281573673239926,54,0.04160628463997096,43
Polity,44,15,-0.3859540449778147,0.13459409294269362,54,0.08281443014758606,43
Polity,44,16,-0.35472949063257975,0.12857501355109596,54,0.028160680799047693,43
Polity,44,17,-0.3596783149329523,0.1289429506504815,54,0.046546997862373346,43
Polity,44,18,-0.36236674210884745,0.1315957424088936,54,0.04634464609250428,43
Polity,44,19,-0.3513045623649984,0.12694969383630147,54,0.028450873620209042,43
Polity,44,20,-0.3859540449778147,0.13459409294269362,54,0.08281443014758606,43
Polity,44,21,-0.35556113306105264,0.12936666298479912,54,0.02784365235190769,43
Polity,44,22,-0.3826476739508702,0.13551427512311096,54,0.04065895921762958,43
Polity,44,23,-0.39257652972900603,0.13672945735488937,54,0.028798203744620034,43
Polity,44,24,-0.3800341422547602,0.12352837510687058,54,0.028890226518055073,43
Polity,44,25,-0.35182582493680403,0.12629185727856598,54,0.028618473120235275,43
Polity,44,26,-0.37442448398692063,0.1259274567330786,54,0.02855798078165023,43
Polity,44,27,-0.3366133193067222,0.1263517046215369,54,0.02890900086167463,43
Polity,44,28,-0.3652221189440521,0.130169100448895,54,0.030153859847421777,43
Polity,44,29,-0.35176273062106134,0.12673096758082741,54,0.03171093452826231,43
Polity,44,30,-0.3859540449778147,0.13459409294269362,54,0.08281443014758606,43
Polity,44,31,-0.3590845062791521,0.12434523760428619,54,0.028627232721703956,43
Polity,44,32,-0.48636776064558784,0.14395927647465484,54,0.03358168808028658,43
Polity,44,33,-0.39257652972900603,0.13672945735488937,54,0.028798203744620034,43
Polity,44,34,-0.3521103390393603,0.12833687593884827,54,0.029690239909906782,43
Polity,44,35,-0.35449296432943145,0.12641373373615464,54,0.04804666276659196,43
Polity,44,36,-0.3514096344396762,0.12858077011557908,54,0.05817502948196665,43
Polity,44,37,-0.35234143835815734,0.12031621243443368,54,0.04628039622019731,43
Polity,44,38,-0.348250387286849,0.12730592521605869,54,0.029164648586828806,43
Polity,44,39,-0.3545177544390872,0.12911324015007838,54,0.028877603151974653,43
Polity,44,40,-0.3596783149329523,0.1289429506504815,54,0.046546997862373346,43
Polity,44,41,-0.35449296432943145,0.12641373373615464,54,0.04804666276659196,43
Polity,44,42,-0.3545177544390872,0.12911324015007838,54,0.028877603151974653,43
Polity,44,43,-0.35176273062106134,0.12673096758082741,54,0.03171093452826231,43
Polity,44,44,-0.3801278305110385,0.13449970871322053,54,0.030621711651497158,43
Polity,44,45,-0.3859540449778147,0.13459409294269362,54,0.08281443014758606,43
Polity,44,46,-0.3497681578157201,0.12729962101497627,54,0.027917097676029484,43
Polity,44,47,-0.3652221189440521,0.130169100448895,54,0.030153859847421777,43
Polity,44,48,-0.3497617952100933,0.1270284191096078,54,0.029658155455162056,43
Polity,44,49,-0.35059294174121947,0.12667538759931773,54,0.029360540537160168,43
Polity,44,50,-0.36743316693775263,0.12677454859117013,54,0.02898820861993891,43
Polity,44,51,-0.3186291944089863,0.12686536277885635,54,0.0291043515964496,43
Polity,44,52,-0.3513045623649984,0.12694969383630147,54,0.028450873620209042,43
Polity,44,53,-0.3801278305110385,0.13449970871322053,54,0.030621711651497158,43
Polity,44,54,-0.35107973533316583,0.13028898943684372,54,0.027661399446714897,43
Polity,44,55,-0.35287442617529585,0.12796439389219322,54,0.04625068571265008,43
Polity,44,56,-0.34686196930074065,0.12663868925478297,54,0.027785662473946194,43
Polity,44,57,-0.3545177544390872,0.12911324015007838,54,0.028877603151974653,43
Polity,44,58,-0.35107973533316583,0.13028898943684372,54,0.027661399446714897,43
Polity,44,59,-0.3596783149329523,0.1289429506504815,54,0.046546997862373346,43
Polity,44,60,-0.3497681578157201,0.12729962101497627,54,0.027917097676029484,43
Polity,44,61,-0.3800341422547602,0.12352837510687058,54,0.028890226518055073,43
Polity,44,62,-0.35449296432943145,0.12641373373615464,54,0.04804666276659196,43
Polity,44,63,-0.3555613447061501,0.12830553519806437,54,0.039517964793326504,43
Polity,44,64,-0.3800341422547602,0.12352837510687058,54,0.028890226518055073,43
Polity,44,65,-0.348250387286849,0.12730592521605869,54,0.029164648586828806,43
Polity,44,66,-0.3497681578157201,0.12729962101497627,54,0.027917097676029484,43
Polity,44,67,-0.35182582493680403,0.12629185727856598,54,0.028618473120235275,43
Polity,44,68,-0.48636776064558784,0.14395927647465484,54,0.03358168808028658,43
Polity,44,69,-0.3596783149329523,0.1289429506504815,54,0.046546997862373346,43
Polity,44,70,-0.35490063618225953,0.1281573673239926,54,0.04160628463997096,43
Polity,44,71,-0.35287442617529585,0.12796439389219322,54,0.04625068571265008,43
Polity,44,72,-0.3525302751439323,0.12761775632962744,54,0.02772388534685792,43
Polity,44,73,-0.3401827083828959,0.12579429124275412,54,0.030795471006237328,43
Polity,44,74,-0.35176273062106134,0.12673096758082741,54,0.03171093452826231,43
Polity,44,75,-0.3562957133503688,0.12975816308590954,54,0.0300194178373687,43
Polity,44,76,-0.34686196930074065,0.12663868925478297,54,0.027785662473946194,43
Polity,44,77,-0.36236674210884745,0.1315957424088936,54,0.04634464609250428,43
Polity,44,78,-0.35234143835815734,0.12031621243443368,54,0.04628039622019731,43
Polity,44,79,-0.35449296432943145,0.12641373373615464,54,0.04804666276659196,43
Polity,44,80,-0.3859540449778147,0.13459409294269362,54,0.08281443014758606,43
Polity,44,81,-0.3497681578157201,0.12729962101497627,54,0.027917097676029484,43
Polity,44,82,-0.348250387286849,0.12730592521605869,54,0.029164648586828806,43
Polity,44,83,-0.34686196930074065,0.12663868925478297,54,0.027785662473946194,43
Polity,44,84,-0.35107973533316583,0.13028898943684372,54,0.027661399446714897,43
Polity,44,85,-0.3366133193067222,0.1263517046215369,54,0.02890900086167463,43
Polity,44,86,-0.3366133193067222,0.1263517046215369,54,0.02890900086167463,43
Polity,44,87,-0.36743316693775263,0.12677454859117013,54,0.02898820861993891,43
Polity,44,88,-0.3596783149329523,0.1289429506504815,54,0.046546997862373346,43
Polity,44,89,-0.3555613447061501,0.12830553519806437,54,0.039517964793326504,43
Polity,44,90,-0.35182582493680403,0.12629185727856598,54,0.028618473120235275,43
Polity,44,91,-0.35490063618225953,0.1281573673239926,54,0.04160628463997096,43
Polity,44,92,-0.35176273062106134,0.12673096758082741,54,0.03171093452826231,43
Polity,44,93,-0.35176273062106134,0.12673096758082741,54,0.03171093452826231,43
Polity,44,94,-0.35287442617529585,0.12796439389219322,54,0.04625068571265008,43
Polity,44,95,-0.36236674210884745,0.1315957424088936,54,0.04634464609250428,43
Polity,44,96,-0.48636776064558784,0.14395927647465484,54,0.03358168808028658,43
Polity,44,97,-0.35375955700777784,0.12422076640859309,54,0.03066290220985219,43
Polity,44,98,-0.3596783149329523,0.1289429506504815,54,0.046546997862373346,43
Polity,44,99,-0.36236674210884745,0.1315957424088936,54,0.04634464609250428,43
Polity,44,100,-0.36236674210884745,0.1315957424088936,54,0.04634464609250428,43
Polity,44,101,-0.35449296432943145,0.12641373373615464,54,0.04804666276659196,43
Polity,44,102,-0.3401827083828959,0.12579429124275412,54,0.030795471006237328,43
Polity,44,103,-0.35472949063257975,0.12857501355109596,54,0.028160680799047693,43
Polity,44,104,-0.37442448398692063,0.1259274567330786,54,0.02855798078165023,43
Polity,44,105,-0.3513045623649984,0.12694969383630147,54,0.028450873620209042,43
Polity,44,106,-0.35287442617529585,0.12796439389219322,54,0.04625068571265008,43
Polity,44,107,-0.3555613447061501,0.12830553519806437,54,0.039517964793326504,43
Polity,44,108,-0.348250387286849,0.12730592521605869,54,0.029164648586828806,43
Polity,44,109,-0.3562957133503688,0.12975816308590954,54,0.0300194178373687,43
Polity,44,110,-0.3590845062791521,0.12434523760428619,54,0.028627232721703956,43
Polity,44,111,-0.3801278305110385,0.13449970871322053,54,0.030621711651497158,43
Polity,44,112,-0.3562957133503688,0.12975816308590954,54,0.0300194178373687,43
Polity,44,113,-0.34676639182328506,0.1293116736264184,54,0.02793242718096521,43
Polity,44,114,-0.35107973533316583,0.13028898943684372,54,0.027661399446714897,43
Polity,44,115,-0.3596783149329523,0.1289429506504815,54,0.046546997862373346,43
Polity,44,116,-0.3545177544390872,0.12911324015007838,54,0.028877603151974653,43
Polity,44,117,-0.35287442617529585,0.12796439389219322,54,0.04625068571265008,43
Polity,44,118,-0.48636776064558784,0.14395927647465484,54,0.03358168808028658,43
Polity,44,119,-0.3497681578157201,0.12729962101497627,54,0.027917097676029484,43
Polity,44,120,-0.3652221189440521,0.130169100448895,54,0.030153859847421777,43
Polity,44,121,-0.3497681578157201,0.12729962101497627,54,0.027917097676029484,43
Polity,44,122,-0.3652221189440521,0.130169100448895,54,0.030153859847421777,43
Polity,44,123,-0.35490063618225953,0.1281573673239926,54,0.04160628463997096,43
Polity,44,124,-0.35939109898194177,0.12441266841177406,54,0.02812154118916557,43
Polity,44,125,-0.46353186890135945,0.14392128325706263,54,0.03702841449116647,43
Polity,44,126,-0.35182582493680403,0.12629185727856598,54,0.028618473120235275,43
Polity,44,127,-0.3859540449778147,0.13459409294269362,54,0.08281443014758606,43
Polity,44,128,-0.3801278305110385,0.13449970871322053,54,0.030621711651497158,43
Polity,44,129,-0.39257652972900603,0.13672945735488937,54,0.028798203744620034,43
Polity,44,130,-0.3513045623649984,0.12694969383630147,54,0.028450873620209042,43
Polity,44,131,-0.3521103390393603,0.12833687593884827,54,0.029690239909906782,43
Polity,44,132,-0.35059294174121947,0.12667538759931773,54,0.029360540537160168,43
Polity,44,133,-0.3525302751439323,0.12761775632962744,54,0.02772388534685792,43
Polity,44,134,-0.34676639182328506,0.1293116736264184,54,0.02793242718096521,43
Polity,44,135,-0.348250387286849,0.12730592521605869,54,0.029164648586828806,43
Polity,44,136,-0.35234143835815734,0.12031621243443368,54,0.04628039622019731,43
Polity,44,137,-0.35556113306105264,0.12936666298479912,54,0.02784365235190769,43
Polity,44,138,-0.36236674210884745,0.1315957424088936,54,0.04634464609250428,43
Polity,44,139,-0.46353186890135945,0.14392128325706263,54,0.03702841449116647,43
Polity,44,140,-0.35449296432943145,0.12641373373615464,54,0.04804666276659196,43
Polity,44,141,-0.35059294174121947,0.12667538759931773,54,0.029360540537160168,43
Polity,44,142,-0.3186291944089863,0.12686536277885635,54,0.0291043515964496,43
Polity,44,143,-0.46353186890135945,0.14392128325706263,54,0.03702841449116647,43
Polity,44,144,-0.36236674210884745,0.1315957424088936,54,0.04634464609250428,43
Polity,44,145,-0.39257652972900603,0.13672945735488937,54,0.028798203744620034,43
Polity,44,146,-0.3401827083828959,0.12579429124275412,54,0.030795471006237328,43
Polity,44,147,-0.35107973533316583,0.13028898943684372,54,0.027661399446714897,43
Polity,44,148,-0.35375955700777784,0.12422076640859309,54,0.03066290220985219,43
Polity,44,149,-0.37442448398692063,0.1259274567330786,54,0.02855798078165023,43
Polity,44,150,-0.35287442617529585,0.12796439389219322,54,0.04625068571265008,43
Polity,44,151,-0.351078332912262,0.12750128803916602,54,0.027904136489966536,43
Polity,44,152,-0.48636776064558784,0.14395927647465484,54,0.03358168808028658,43
Polity,44,153,-0.348250387286849,0.12730592521605869,54,0.029164648586828806,43
Polity,44,154,-0.3801278305110385,0.13449970871322053,54,0.030621711651497158,43
Polity,44,155,-0.35472949063257975,0.12857501355109596,54,0.028160680799047693,43
Polity,44,156,-0.48636776064558784,0.14395927647465484,54,0.03358168808028658,43
Polity,44,157,-0.3513045623649984,0.12694969383630147,54,0.028450873620209042,43
Polity,44,158,-0.36163077189332427,0.12814307449927936,54,0.05297911413266601,43
Polity,44,159,-0.3497681578157201,0.12729962101497627,54,0.027917097676029484,43
Polity,44,160,-0.3545177544390872,0.12911324015007838,54,0.028877603151974653,43
Polity,44,161,-0.3826476739508702,0.13551427512311096,54,0.04065895921762958,43
Polity,44,162,-0.34676639182328506,0.1293116736264184,54,0.02793242718096521,43
Polity,44,163,-0.39257652972900603,0.13672945735488937,54,0.028798203744620034,43
Polity,44,164,-0.35790014143728177,0.1290017629925618,54,0.027852781266695267,43
Polity,44,165,-0.3366133193067222,0.1263517046215369,54,0.02890900086167463,43
Polity,44,166,-0.34676639182328506,0.1293116736264184,54,0.02793242718096521,43
Polity,44,167,-0.3513045623649984,0.12694969383630147,54,0.028450873620209042,43
Polity,44,168,-0.3186291944089863,0.12686536277885635,54,0.0291043515964496,43
Polity,44,169,-0.3555613447061501,0.12830553519806437,54,0.039517964793326504,43
Polity,44,170,-0.35449296432943145,0.12641373373615464,54,0.04804666276659196,43
Polity,44,171,-0.36236674210884745,0.1315957424088936,54,0.04634464609250428,43
Polity,44,172,-0.3555613447061501,0.12830553519806437,54,0.039517964793326504,43
Polity,44,173,-0.36236674210884745,0.1315957424088936,54,0.04634464609250428,43
Polity,44,174,-0.348250387286849,0.12730592521605869,54,0.029164648586828806,43
Polity,44,175,-0.35059294174121947,0.12667538759931773,54,0.029360540537160168,43
Polity,44,176,-0.35375955700777784,0.12422076640859309,54,0.03066290220985219,43
Polity,44,177,-0.35449296432943145,0.12641373373615464,54,0.04804666276659196,43
Polity,44,178,-0.35939109898194177,0.12441266841177406,54,0.02812154118916557,43
Polity,44,179,-0.3497681578157201,0.12729962101497627,54,0.027917097676029484,43
Polity,44,180,-0.3514096344396762,0.12858077011557908,54,0.05817502948196665,43
Polity,44,181,-0.351078332912262,0.12750128803916602,54,0.027904136489966536,43
Polity,44,182,-0.3514096344396762,0.12858077011557908,54,0.05817502948196665,43
Polity,44,183,-0.3366133193067222,0.1263517046215369,54,0.02890900086167463,43
Polity,44,184,-0.34686196930074065,0.12663868925478297,54,0.027785662473946194,43
Polity,44,185,-0.3590845062791521,0.12434523760428619,54,0.028627232721703956,43
Polity,44,186,-0.348250387286849,0.12730592521605869,54,0.029164648586828806,43
Polity,44,187,-0.36743316693775263,0.12677454859117013,54,0.02898820861993891,43
Polity,44,188,-0.3497617952100933,0.1270284191096078,54,0.029658155455162056,43
Polity,44,189,-0.3800341422547602,0.12352837510687058,54,0.028890226518055073,43
Polity,44,190,-0.3590845062791521,0.12434523760428619,54,0.028627232721703956,43
Polity,44,191,-0.35939109898194177,0.12441266841177406,54,0.02812154118916557,43
Polity,44,192,-0.3186291944089863,0.12686536277885635,54,0.0291043515964496,43
Polity,44,193,-0.3497681578157201,0.12729962101497627,54,0.027917097676029484,43
Polity,44,194,-0.39257652972900603,0.13672945735488937,54,0.028798203744620034,43
Polity,44,195,-0.35449296432943145,0.12641373373615464,54,0.04804666276659196,43
Polity,44,196,-0.35790014143728177,0.1290017629925618,54,0.027852781266695267,43
Polity,44,197,-0.35490063618225953,0.1281573673239926,54,0.04160628463997096,43
Polity,44,198,-0.3514096344396762,0.12858077011557908,54,0.05817502948196665,43
Polity,44,199,-0.35790014143728177,0.1290017629925618,54,0.027852781266695267,43
Polity,44,200,-0.35176273062106134,0.12673096758082741,54,0.03171093452826231,43
